<db>
	<user>
		<id>1</id>
		<name>No Name</name>
	</user>
	<user>
		<id>5001</id>
		<name>Kent Cheng</name>
		<advisor>5005</advisor>
		<circle>
			<cid>5501</cid>
			<friend>
				<fid>5002</fid>
				<fname>Sarin Morgan</fname>
			</friend>
		</circle>
		<circle>
			<cid>5502</cid>
			<friend>
				<fid>5001</fid>
				<fname>Kent Cheng</fname>
			</friend>
		</circle>
	</user>
	<user>
		<id>5002</id>
		<name>Sarin Morgan</name>
		<advisor>5005</advisor>
		<circle>
			<cid>5503</cid>
			<friend>
				<fid>5004</fid>
				<fname>Joe Smith</fname>
			</friend>
			<friend>
				<fid>5005</fid>
				<fname>Eun Kim</fname>
			</friend>
		</circle>
	</user>
	<user>
		<id>5003</id>
		<name>Allen Li</name>
		<advisor>5005</advisor>
		<circle>
			<cid>5504</cid>
			<friend>
				<fid>5002</fid>
				<fname>Sarin Morgan</fname>
			</friend>
		</circle>
	</user>
	<user>
		<id>5004</id>
		<name>Joe Smith</name>
		<advisor>5005</advisor>
		<circle>
			<cid>5505</cid>
			<friend>
				<fid>5002</fid>
				<fname>Sarin Morgan</fname>
			</friend>
		</circle>
	</user>
	<user>
		<id>5005</id>
		<name>Eun Kim</name>
		<advises>5001</advises>
		<advises>5002</advises>
		<advises>5003</advises>
		<advises>5004</advises>
	</user>
	<user>
		<id>5006</id>
		<name>Robert Fischer</name>
		<advises>5008</advises>
		<circle>
			<cid>5100</cid>
			<friend>
				<fid>5007</fid>
				<fname>Richard Glahn</fname>
			</friend>
		</circle>
	</user>
	<user>
		<id>5007</id>
		<name>Richard Glahn</name>
		<advises>5009</advises>
		<advises>5010</advises>
		<circle>
			<cid>5101</cid>
			<friend>
				<fid>5006</fid>
				<fname>Robert Fischer</fname>
			</friend>
		</circle>
	</user>
	<user>
		<id>5008</id>
		<name>Alen Kubati</name>
		<advisor>5006</advisor>
		<circle>
			<cid>5102</cid>
			<friend>
				<fid>5009</fid>
				<fname>Albert Einstein</fname>
			</friend>
			<friend>
				<fid>5010</fid>
				<fname>Bob Brown</fname>
			</friend>
		</circle>
	</user>
	<user>
		<id>5009</id>
		<name>Albert Einstein</name>
		<advisor>5007</advisor>
		<circle>
			<cid>5103</cid>
			<friend>
				<fid>5008</fid>
				<fname>Alen Kubati</fname>
			</friend>
			<friend>
				<fid>5010</fid>
				<fname>Bob Brown</fname>
			</friend>
		</circle>
	</user>
	<user>
		<id>5010</id>
		<name>Bob Brown</name>
		<advisor>5007</advisor>
		<circle>
			<cid>5104</cid>
			<friend>
				<fid>5008</fid>
				<fname>Alen Kubati</fname>
			</friend>
			<friend>
				<fid>5009</fid>
				<fname>Albert Einstein</fname>
			</friend>
		</circle>
	</user>
	<user>
		<id>5011</id>
		<name>Sauron Morgoth</name>
		<circle>
			<cid>5001</cid>
		</circle>
		<circle>
			<cid>5002</cid>
			<friend>
				<fid>5012</fid>
				<fname>Elrond Half-Elven</fname>
			</friend>
			<friend>
				<fid>5013</fid>
				<fname>Gandalf Gray</fname>
			</friend>
			<friend>
				<fid>5014</fid>
				<fname>Aragorn </fname>
			</friend>
			<friend>
				<fid>5015</fid>
				<fname>Frodo Baggins</fname>
			</friend>
		</circle>
		<circle>
			<cid>5003</cid>
			<friend>
				<fid>5013</fid>
				<fname>Gandalf Gray</fname>
			</friend>
		</circle>
	</user>
	<user>
		<id>5012</id>
		<name>Elrond Half-Elven</name>
		<advises>5014</advises>
		<circle>
			<cid>5004</cid>
		</circle>
		<circle>
			<cid>5005</cid>
			<friend>
				<fid>5014</fid>
				<fname>Aragorn </fname>
			</friend>
		</circle>
		<circle>
			<cid>5006</cid>
			<friend>
				<fid>5013</fid>
				<fname>Gandalf Gray</fname>
			</friend>
			<friend>
				<fid>5014</fid>
				<fname>Aragorn </fname>
			</friend>
			<friend>
				<fid>5015</fid>
				<fname>Frodo Baggins</fname>
			</friend>
		</circle>
	</user>
	<user>
		<id>5013</id>
		<name>Gandalf Gray</name>
		<advises>5015</advises>
	</user>
	<user>
		<id>5014</id>
		<name>Aragorn </name>
		<advisor>5012</advisor>
	</user>
	<user>
		<id>5015</id>
		<name>Frodo Baggins</name>
		<advisor>5013</advisor>
	</user>
	<user>
		<id>5016</id>
		<name>jintao hu</name>
		<advises>5018</advises>
		<advises>5020</advises>
		<circle>
			<cid>5116</cid>
			<friend>
				<fid>5018</fid>
				<fname>qinglin jia</fname>
			</friend>
		</circle>
	</user>
	<user>
		<id>5017</id>
		<name>jiabao wen</name>
		<advises>5019</advises>
		<circle>
			<cid>5117</cid>
			<friend>
				<fid>5016</fid>
				<fname>jintao hu</fname>
			</friend>
		</circle>
	</user>
	<user>
		<id>5018</id>
		<name>qinglin jia</name>
		<advisor>5016</advisor>
		<circle>
			<cid>5118</cid>
			<friend>
				<fid>5017</fid>
				<fname>jiabao wen</fname>
			</friend>
		</circle>
	</user>
	<user>
		<id>5019</id>
		<name>changchun li</name>
		<advisor>5017</advisor>
		<circle>
			<cid>5119</cid>
			<friend>
				<fid>5020</fid>
				<fname>xilai bo</fname>
			</friend>
		</circle>
	</user>
	<user>
		<id>5020</id>
		<name>xilai bo</name>
		<advisor>5016</advisor>
		<circle>
			<cid>5120</cid>
			<friend>
				<fid>5019</fid>
				<fname>changchun li</fname>
			</friend>
		</circle>
	</user>
	<user>
		<id>12001</id>
		<name>Gaby Moreno</name>
		<advisor>12002</advisor>
		<circle>
			<cid>12501</cid>
			<friend>
				<fid>12002</fid>
				<fname>Zach Ives</fname>
			</friend>
		</circle>
		<circle>
			<cid>12502</cid>
		</circle>
		<circle>
			<cid>12503</cid>
		</circle>
	</user>
	<user>
		<id>12002</id>
		<name>Zach Ives</name>
		<advises>12001</advises>
		<advises>12003</advises>
		<advises>12004</advises>
		<advises>12005</advises>
		<advises>12006</advises>
		<advises>12007</advises>
		<advises>12008</advises>
		<advises>12009</advises>
		<advises>12010</advises>
		<advises>12011</advises>
		<advises>12012</advises>
		<advises>12013</advises>
		<advises>12014</advises>
		<advises>12015</advises>
		<advises>12016</advises>
		<advises>12017</advises>
		<advises>12018</advises>
		<advises>12019</advises>
		<advises>12020</advises>
		<circle>
			<cid>12504</cid>
			<friend>
				<fid>12004</fid>
				<fname>David Da</fname>
			</friend>
		</circle>
	</user>
	<user>
		<id>12003</id>
		<name>Cal Ca</name>
		<advisor>12002</advisor>
		<circle>
			<cid>12505</cid>
			<friend>
				<fid>12006</fid>
				<fname>Frank Fa</fname>
			</friend>
		</circle>
	</user>
	<user>
		<id>12004</id>
		<name>David Da</name>
		<advisor>12002</advisor>
		<circle>
			<cid>12506</cid>
			<friend>
				<fid>12007</fid>
				<fname>Gary Ga</fname>
			</friend>
		</circle>
	</user>
	<user>
		<id>12005</id>
		<name>Earl Ea</name>
		<advisor>12002</advisor>
		<circle>
			<cid>12507</cid>
			<friend>
				<fid>12007</fid>
				<fname>Gary Ga</fname>
			</friend>
		</circle>
	</user>
	<user>
		<id>12006</id>
		<name>Frank Fa</name>
		<advisor>12002</advisor>
		<circle>
			<cid>12508</cid>
			<friend>
				<fid>12002</fid>
				<fname>Zach Ives</fname>
			</friend>
		</circle>
		<circle>
			<cid>12550</cid>
		</circle>
		<circle>
			<cid>12551</cid>
		</circle>
	</user>
	<user>
		<id>12007</id>
		<name>Gary Ga</name>
		<advisor>12002</advisor>
		<circle>
			<cid>12509</cid>
			<friend>
				<fid>12006</fid>
				<fname>Frank Fa</fname>
			</friend>
		</circle>
	</user>
	<user>
		<id>12008</id>
		<name>Hank Ha</name>
		<advisor>12002</advisor>
		<circle>
			<cid>12510</cid>
			<friend>
				<fid>12006</fid>
				<fname>Frank Fa</fname>
			</friend>
		</circle>
	</user>
	<user>
		<id>12009</id>
		<name>Ian Ia</name>
		<advisor>12002</advisor>
		<circle>
			<cid>12511</cid>
			<friend>
				<fid>12006</fid>
				<fname>Frank Fa</fname>
			</friend>
		</circle>
	</user>
	<user>
		<id>12010</id>
		<name>Jan Ja</name>
		<advisor>12002</advisor>
		<circle>
			<cid>12512</cid>
			<friend>
				<fid>12006</fid>
				<fname>Frank Fa</fname>
			</friend>
		</circle>
	</user>
	<user>
		<id>12011</id>
		<name>Kai Ka</name>
		<advisor>12002</advisor>
		<circle>
			<cid>12513</cid>
			<friend>
				<fid>12006</fid>
				<fname>Frank Fa</fname>
			</friend>
		</circle>
	</user>
	<user>
		<id>12012</id>
		<name>Lily La</name>
		<advisor>12002</advisor>
		<circle>
			<cid>12514</cid>
			<friend>
				<fid>12006</fid>
				<fname>Frank Fa</fname>
			</friend>
		</circle>
	</user>
	<user>
		<id>12013</id>
		<name>Mannie Ma</name>
		<advisor>12002</advisor>
		<circle>
			<cid>12515</cid>
			<friend>
				<fid>12006</fid>
				<fname>Frank Fa</fname>
			</friend>
		</circle>
	</user>
	<user>
		<id>12014</id>
		<name>Nan Na</name>
		<advisor>12002</advisor>
		<circle>
			<cid>12516</cid>
			<friend>
				<fid>12006</fid>
				<fname>Frank Fa</fname>
			</friend>
		</circle>
	</user>
	<user>
		<id>12015</id>
		<name>On Oa</name>
		<advisor>12002</advisor>
		<circle>
			<cid>12517</cid>
			<friend>
				<fid>12006</fid>
				<fname>Frank Fa</fname>
			</friend>
		</circle>
	</user>
	<user>
		<id>12016</id>
		<name>Pam Pa</name>
		<advisor>12002</advisor>
		<circle>
			<cid>12518</cid>
			<friend>
				<fid>12006</fid>
				<fname>Frank Fa</fname>
			</friend>
		</circle>
	</user>
	<user>
		<id>12017</id>
		<name>rat ra</name>
		<advisor>12002</advisor>
		<circle>
			<cid>12519</cid>
			<friend>
				<fid>12006</fid>
				<fname>Frank Fa</fname>
			</friend>
		</circle>
	</user>
	<user>
		<id>12018</id>
		<name>sam sa</name>
		<advisor>12002</advisor>
		<circle>
			<cid>12520</cid>
			<friend>
				<fid>12006</fid>
				<fname>Frank Fa</fname>
			</friend>
		</circle>
	</user>
	<user>
		<id>12019</id>
		<name>Tony Ta</name>
		<advisor>12002</advisor>
		<circle>
			<cid>12521</cid>
			<friend>
				<fid>12006</fid>
				<fname>Frank Fa</fname>
			</friend>
		</circle>
	</user>
	<user>
		<id>12020</id>
		<name>Ui Ua</name>
		<advisor>12002</advisor>
		<circle>
			<cid>12522</cid>
			<friend>
				<fid>12006</fid>
				<fname>Frank Fa</fname>
			</friend>
		</circle>
	</user>
	<user>
		<id>18001</id>
		<name>Mingyu Liu</name>
		<advisor>18005</advisor>
		<circle>
			<cid>180013594</cid>
			<friend>
				<fid>18002</fid>
				<fname>Shi He</fname>
			</friend>
			<friend>
				<fid>18003</fid>
				<fname>Jingwen Yang</fname>
			</friend>
			<friend>
				<fid>18004</fid>
				<fname>Chao Zhang</fname>
			</friend>
			<friend>
				<fid>18005</fid>
				<fname>Zachary Ives</fname>
			</friend>
		</circle>
	</user>
	<user>
		<id>18002</id>
		<name>Shi He</name>
		<advisor>18005</advisor>
		<circle>
			<cid>180023594</cid>
			<friend>
				<fid>18007</fid>
				<fname>Barack Obama</fname>
			</friend>
			<friend>
				<fid>18008</fid>
				<fname>Hillary Clinton</fname>
			</friend>
			<friend>
				<fid>18009</fid>
				<fname>Joseph Biden</fname>
			</friend>
			<friend>
				<fid>18010</fid>
				<fname>John Kennedy</fname>
			</friend>
			<friend>
				<fid>18011</fid>
				<fname>Dwight Eisenhower</fname>
			</friend>
		</circle>
	</user>
	<user>
		<id>18003</id>
		<name>Jingwen Yang</name>
		<advisor>18005</advisor>
		<circle>
			<cid>180033594</cid>
			<friend>
				<fid>18012</fid>
				<fname>Michael Jordan</fname>
			</friend>
			<friend>
				<fid>18013</fid>
				<fname>Condoleezza Rice</fname>
			</friend>
		</circle>
	</user>
	<user>
		<id>18004</id>
		<name>Chao Zhang</name>
		<advisor>18005</advisor>
		<circle>
			<cid>180043594</cid>
			<friend>
				<fid>18014</fid>
				<fname>George Bush</fname>
			</friend>
			<friend>
				<fid>18015</fid>
				<fname>John McCain</fname>
			</friend>
		</circle>
	</user>
	<user>
		<id>18005</id>
		<name>Zachary Ives</name>
		<advises>18001</advises>
		<advises>18002</advises>
		<advises>18003</advises>
		<advises>18004</advises>
		<advises>18006</advises>
		<circle>
			<cid>180053594</cid>
			<friend>
				<fid>18016</fid>
				<fname>Sarah Palin</fname>
			</friend>
			<friend>
				<fid>18017</fid>
				<fname>Mark Zuckerberg</fname>
			</friend>
			<friend>
				<fid>18018</fid>
				<fname>William Gates</fname>
			</friend>
		</circle>
	</user>
	<user>
		<id>18006</id>
		<name>Zhepeng Yan</name>
		<advisor>18005</advisor>
	</user>
	<user>
		<id>18007</id>
		<name>Barack Obama</name>
		<advises>18012</advises>
	</user>
	<user>
		<id>18008</id>
		<name>Hillary Clinton</name>
		<advises>18013</advises>
		<advises>18014</advises>
	</user>
	<user>
		<id>18009</id>
		<name>Joseph Biden</name>
		<advises>18015</advises>
	</user>
	<user>
		<id>18010</id>
		<name>John Kennedy</name>
		<advises>18017</advises>
		<advises>18016</advises>
		<advises>18018</advises>
	</user>
	<user>
		<id>18011</id>
		<name>Dwight Eisenhower</name>
		<advises>18019</advises>
		<advises>18020</advises>
	</user>
	<user>
		<id>18012</id>
		<name>Michael Jordan</name>
		<advisor>18007</advisor>
	</user>
	<user>
		<id>18013</id>
		<name>Condoleezza Rice</name>
		<advisor>18008</advisor>
	</user>
	<user>
		<id>18014</id>
		<name>George Bush</name>
		<advisor>18008</advisor>
	</user>
	<user>
		<id>18015</id>
		<name>John McCain</name>
		<advisor>18009</advisor>
	</user>
	<user>
		<id>18016</id>
		<name>Sarah Palin</name>
		<advisor>18010</advisor>
	</user>
	<user>
		<id>18017</id>
		<name>Mark Zuckerberg</name>
		<advisor>18010</advisor>
	</user>
	<user>
		<id>18018</id>
		<name>William Gates</name>
		<advisor>18010</advisor>
	</user>
	<user>
		<id>18019</id>
		<name>Steve Jobs</name>
		<advisor>18011</advisor>
	</user>
	<user>
		<id>18020</id>
		<name>Larry Page</name>
		<advisor>18011</advisor>
	</user>
	<user>
		<id>22000</id>
		<name>Ana Vladan</name>
		<advises>22005</advises>
		<circle>
			<cid>22000</cid>
			<friend>
				<fid>22001</fid>
				<fname>Arielle Farner</fname>
			</friend>
			<friend>
				<fid>22002</fid>
				<fname>Matt Carey</fname>
			</friend>
			<friend>
				<fid>22003</fid>
				<fname>Rob Marco</fname>
			</friend>
			<friend>
				<fid>22004</fid>
				<fname>Nate Dupret</fname>
			</friend>
		</circle>
		<circle>
			<cid>22001</cid>
			<friend>
				<fid>22001</fid>
				<fname>Arielle Farner</fname>
			</friend>
			<friend>
				<fid>22002</fid>
				<fname>Matt Carey</fname>
			</friend>
		</circle>
		<circle>
			<cid>22002</cid>
			<friend>
				<fid>22003</fid>
				<fname>Rob Marco</fname>
			</friend>
			<friend>
				<fid>22004</fid>
				<fname>Nate Dupret</fname>
			</friend>
		</circle>
	</user>
	<user>
		<id>22001</id>
		<name>Arielle Farner</name>
		<advises>22006</advises>
		<circle>
			<cid>22003</cid>
			<friend>
				<fid>22000</fid>
				<fname>Ana Vladan</fname>
			</friend>
			<friend>
				<fid>22002</fid>
				<fname>Matt Carey</fname>
			</friend>
			<friend>
				<fid>22003</fid>
				<fname>Rob Marco</fname>
			</friend>
			<friend>
				<fid>22004</fid>
				<fname>Nate Dupret</fname>
			</friend>
		</circle>
		<circle>
			<cid>22004</cid>
			<friend>
				<fid>22000</fid>
				<fname>Ana Vladan</fname>
			</friend>
			<friend>
				<fid>22002</fid>
				<fname>Matt Carey</fname>
			</friend>
		</circle>
		<circle>
			<cid>22005</cid>
			<friend>
				<fid>22003</fid>
				<fname>Rob Marco</fname>
			</friend>
			<friend>
				<fid>22004</fid>
				<fname>Nate Dupret</fname>
			</friend>
		</circle>
	</user>
	<user>
		<id>22002</id>
		<name>Matt Carey</name>
		<advises>22007</advises>
		<circle>
			<cid>22006</cid>
			<friend>
				<fid>22000</fid>
				<fname>Ana Vladan</fname>
			</friend>
			<friend>
				<fid>22001</fid>
				<fname>Arielle Farner</fname>
			</friend>
			<friend>
				<fid>22003</fid>
				<fname>Rob Marco</fname>
			</friend>
			<friend>
				<fid>22004</fid>
				<fname>Nate Dupret</fname>
			</friend>
		</circle>
		<circle>
			<cid>22007</cid>
			<friend>
				<fid>22000</fid>
				<fname>Ana Vladan</fname>
			</friend>
			<friend>
				<fid>22001</fid>
				<fname>Arielle Farner</fname>
			</friend>
		</circle>
		<circle>
			<cid>22008</cid>
			<friend>
				<fid>22003</fid>
				<fname>Rob Marco</fname>
			</friend>
			<friend>
				<fid>22004</fid>
				<fname>Nate Dupret</fname>
			</friend>
		</circle>
	</user>
	<user>
		<id>22003</id>
		<name>Rob Marco</name>
		<advises>22008</advises>
		<circle>
			<cid>22009</cid>
			<friend>
				<fid>22000</fid>
				<fname>Ana Vladan</fname>
			</friend>
			<friend>
				<fid>22001</fid>
				<fname>Arielle Farner</fname>
			</friend>
			<friend>
				<fid>22002</fid>
				<fname>Matt Carey</fname>
			</friend>
			<friend>
				<fid>22004</fid>
				<fname>Nate Dupret</fname>
			</friend>
		</circle>
		<circle>
			<cid>22010</cid>
			<friend>
				<fid>22001</fid>
				<fname>Arielle Farner</fname>
			</friend>
			<friend>
				<fid>22002</fid>
				<fname>Matt Carey</fname>
			</friend>
		</circle>
		<circle>
			<cid>22011</cid>
			<friend>
				<fid>22000</fid>
				<fname>Ana Vladan</fname>
			</friend>
			<friend>
				<fid>22004</fid>
				<fname>Nate Dupret</fname>
			</friend>
		</circle>
	</user>
	<user>
		<id>22004</id>
		<name>Nate Dupret</name>
		<advises>22009</advises>
		<circle>
			<cid>22012</cid>
			<friend>
				<fid>22000</fid>
				<fname>Ana Vladan</fname>
			</friend>
			<friend>
				<fid>22001</fid>
				<fname>Arielle Farner</fname>
			</friend>
			<friend>
				<fid>22002</fid>
				<fname>Matt Carey</fname>
			</friend>
			<friend>
				<fid>22003</fid>
				<fname>Rob Marco</fname>
			</friend>
		</circle>
		<circle>
			<cid>22013</cid>
			<friend>
				<fid>22001</fid>
				<fname>Arielle Farner</fname>
			</friend>
			<friend>
				<fid>22002</fid>
				<fname>Matt Carey</fname>
			</friend>
		</circle>
		<circle>
			<cid>22014</cid>
			<friend>
				<fid>22000</fid>
				<fname>Ana Vladan</fname>
			</friend>
			<friend>
				<fid>22003</fid>
				<fname>Rob Marco</fname>
			</friend>
			<friend>
				<fid>22005</fid>
				<fname>Aditya Minocha</fname>
			</friend>
		</circle>
	</user>
	<user>
		<id>22005</id>
		<name>Aditya Minocha</name>
		<advisor>22000</advisor>
		<circle>
			<cid>22015</cid>
			<friend>
				<fid>22004</fid>
				<fname>Nate Dupret</fname>
			</friend>
			<friend>
				<fid>22006</fid>
				<fname>Brinda Desai</fname>
			</friend>
			<friend>
				<fid>22007</fid>
				<fname>Anand Thakkar</fname>
			</friend>
			<friend>
				<fid>22008</fid>
				<fname>Bhavik Shah</fname>
			</friend>
			<friend>
				<fid>22009</fid>
				<fname>Vishal Patel</fname>
			</friend>
		</circle>
		<circle>
			<cid>22016</cid>
			<friend>
				<fid>22004</fid>
				<fname>Nate Dupret</fname>
			</friend>
			<friend>
				<fid>22006</fid>
				<fname>Brinda Desai</fname>
			</friend>
			<friend>
				<fid>22007</fid>
				<fname>Anand Thakkar</fname>
			</friend>
		</circle>
		<circle>
			<cid>22017</cid>
			<friend>
				<fid>22008</fid>
				<fname>Bhavik Shah</fname>
			</friend>
			<friend>
				<fid>22009</fid>
				<fname>Vishal Patel</fname>
			</friend>
		</circle>
	</user>
	<user>
		<id>22006</id>
		<name>Brinda Desai</name>
		<advisor>22001</advisor>
		<circle>
			<cid>22018</cid>
			<friend>
				<fid>22005</fid>
				<fname>Aditya Minocha</fname>
			</friend>
			<friend>
				<fid>22007</fid>
				<fname>Anand Thakkar</fname>
			</friend>
			<friend>
				<fid>22008</fid>
				<fname>Bhavik Shah</fname>
			</friend>
			<friend>
				<fid>22009</fid>
				<fname>Vishal Patel</fname>
			</friend>
		</circle>
		<circle>
			<cid>22019</cid>
			<friend>
				<fid>22005</fid>
				<fname>Aditya Minocha</fname>
			</friend>
			<friend>
				<fid>22007</fid>
				<fname>Anand Thakkar</fname>
			</friend>
		</circle>
		<circle>
			<cid>22020</cid>
			<friend>
				<fid>22008</fid>
				<fname>Bhavik Shah</fname>
			</friend>
			<friend>
				<fid>22009</fid>
				<fname>Vishal Patel</fname>
			</friend>
		</circle>
	</user>
	<user>
		<id>22007</id>
		<name>Anand Thakkar</name>
		<advisor>22002</advisor>
		<circle>
			<cid>22021</cid>
			<friend>
				<fid>22005</fid>
				<fname>Aditya Minocha</fname>
			</friend>
			<friend>
				<fid>22006</fid>
				<fname>Brinda Desai</fname>
			</friend>
			<friend>
				<fid>22008</fid>
				<fname>Bhavik Shah</fname>
			</friend>
			<friend>
				<fid>22009</fid>
				<fname>Vishal Patel</fname>
			</friend>
		</circle>
		<circle>
			<cid>22022</cid>
			<friend>
				<fid>22005</fid>
				<fname>Aditya Minocha</fname>
			</friend>
			<friend>
				<fid>22006</fid>
				<fname>Brinda Desai</fname>
			</friend>
		</circle>
		<circle>
			<cid>22023</cid>
			<friend>
				<fid>22008</fid>
				<fname>Bhavik Shah</fname>
			</friend>
			<friend>
				<fid>22009</fid>
				<fname>Vishal Patel</fname>
			</friend>
		</circle>
	</user>
	<user>
		<id>22008</id>
		<name>Bhavik Shah</name>
		<advisor>22003</advisor>
		<circle>
			<cid>22024</cid>
			<friend>
				<fid>22005</fid>
				<fname>Aditya Minocha</fname>
			</friend>
			<friend>
				<fid>22006</fid>
				<fname>Brinda Desai</fname>
			</friend>
			<friend>
				<fid>22007</fid>
				<fname>Anand Thakkar</fname>
			</friend>
			<friend>
				<fid>22009</fid>
				<fname>Vishal Patel</fname>
			</friend>
		</circle>
		<circle>
			<cid>22025</cid>
			<friend>
				<fid>22006</fid>
				<fname>Brinda Desai</fname>
			</friend>
			<friend>
				<fid>22007</fid>
				<fname>Anand Thakkar</fname>
			</friend>
		</circle>
		<circle>
			<cid>22026</cid>
			<friend>
				<fid>22005</fid>
				<fname>Aditya Minocha</fname>
			</friend>
			<friend>
				<fid>22009</fid>
				<fname>Vishal Patel</fname>
			</friend>
		</circle>
	</user>
	<user>
		<id>22009</id>
		<name>Vishal Patel</name>
		<advisor>22004</advisor>
		<circle>
			<cid>22027</cid>
			<friend>
				<fid>22005</fid>
				<fname>Aditya Minocha</fname>
			</friend>
			<friend>
				<fid>22006</fid>
				<fname>Brinda Desai</fname>
			</friend>
			<friend>
				<fid>22007</fid>
				<fname>Anand Thakkar</fname>
			</friend>
			<friend>
				<fid>22008</fid>
				<fname>Bhavik Shah</fname>
			</friend>
			<friend>
				<fid>22010</fid>
				<fname>Xao Lee</fname>
			</friend>
		</circle>
		<circle>
			<cid>22028</cid>
			<friend>
				<fid>22006</fid>
				<fname>Brinda Desai</fname>
			</friend>
			<friend>
				<fid>22007</fid>
				<fname>Anand Thakkar</fname>
			</friend>
		</circle>
		<circle>
			<cid>22029</cid>
			<friend>
				<fid>22005</fid>
				<fname>Aditya Minocha</fname>
			</friend>
			<friend>
				<fid>22008</fid>
				<fname>Bhavik Shah</fname>
			</friend>
			<friend>
				<fid>22010</fid>
				<fname>Xao Lee</fname>
			</friend>
		</circle>
	</user>
	<user>
		<id>22010</id>
		<name>Xao Lee</name>
		<advisor>22011</advisor>
		<circle>
			<cid>22031</cid>
			<friend>
				<fid>22009</fid>
				<fname>Vishal Patel</fname>
			</friend>
			<friend>
				<fid>22011</fid>
				<fname>Yao Ming</fname>
			</friend>
			<friend>
				<fid>22012</fid>
				<fname>Xing Chen</fname>
			</friend>
			<friend>
				<fid>22013</fid>
				<fname>Ming Wang</fname>
			</friend>
			<friend>
				<fid>22014</fid>
				<fname>Chao Lau</fname>
			</friend>
		</circle>
		<circle>
			<cid>22032</cid>
			<friend>
				<fid>22011</fid>
				<fname>Yao Ming</fname>
			</friend>
			<friend>
				<fid>22012</fid>
				<fname>Xing Chen</fname>
			</friend>
		</circle>
		<circle>
			<cid>22033</cid>
			<friend>
				<fid>22013</fid>
				<fname>Ming Wang</fname>
			</friend>
			<friend>
				<fid>22014</fid>
				<fname>Chao Lau</fname>
			</friend>
		</circle>
	</user>
	<user>
		<id>22011</id>
		<name>Yao Ming</name>
		<advises>22010</advises>
		<circle>
			<cid>22034</cid>
			<friend>
				<fid>22010</fid>
				<fname>Xao Lee</fname>
			</friend>
			<friend>
				<fid>22012</fid>
				<fname>Xing Chen</fname>
			</friend>
			<friend>
				<fid>22013</fid>
				<fname>Ming Wang</fname>
			</friend>
			<friend>
				<fid>22014</fid>
				<fname>Chao Lau</fname>
			</friend>
		</circle>
		<circle>
			<cid>22035</cid>
			<friend>
				<fid>22010</fid>
				<fname>Xao Lee</fname>
			</friend>
			<friend>
				<fid>22012</fid>
				<fname>Xing Chen</fname>
			</friend>
		</circle>
		<circle>
			<cid>22036</cid>
			<friend>
				<fid>22013</fid>
				<fname>Ming Wang</fname>
			</friend>
			<friend>
				<fid>22014</fid>
				<fname>Chao Lau</fname>
			</friend>
		</circle>
	</user>
	<user>
		<id>22012</id>
		<name>Xing Chen</name>
		<advisor>22013</advisor>
		<circle>
			<cid>22037</cid>
			<friend>
				<fid>22010</fid>
				<fname>Xao Lee</fname>
			</friend>
			<friend>
				<fid>22011</fid>
				<fname>Yao Ming</fname>
			</friend>
			<friend>
				<fid>22013</fid>
				<fname>Ming Wang</fname>
			</friend>
			<friend>
				<fid>22014</fid>
				<fname>Chao Lau</fname>
			</friend>
		</circle>
		<circle>
			<cid>22038</cid>
			<friend>
				<fid>22010</fid>
				<fname>Xao Lee</fname>
			</friend>
			<friend>
				<fid>22011</fid>
				<fname>Yao Ming</fname>
			</friend>
		</circle>
		<circle>
			<cid>22039</cid>
			<friend>
				<fid>22013</fid>
				<fname>Ming Wang</fname>
			</friend>
			<friend>
				<fid>22014</fid>
				<fname>Chao Lau</fname>
			</friend>
		</circle>
	</user>
	<user>
		<id>22013</id>
		<name>Ming Wang</name>
		<advises>22012</advises>
		<advises>22014</advises>
		<circle>
			<cid>22040</cid>
			<friend>
				<fid>22010</fid>
				<fname>Xao Lee</fname>
			</friend>
			<friend>
				<fid>22011</fid>
				<fname>Yao Ming</fname>
			</friend>
			<friend>
				<fid>22012</fid>
				<fname>Xing Chen</fname>
			</friend>
			<friend>
				<fid>22014</fid>
				<fname>Chao Lau</fname>
			</friend>
		</circle>
		<circle>
			<cid>22041</cid>
			<friend>
				<fid>22011</fid>
				<fname>Yao Ming</fname>
			</friend>
			<friend>
				<fid>22012</fid>
				<fname>Xing Chen</fname>
			</friend>
		</circle>
		<circle>
			<cid>22042</cid>
			<friend>
				<fid>22010</fid>
				<fname>Xao Lee</fname>
			</friend>
			<friend>
				<fid>22014</fid>
				<fname>Chao Lau</fname>
			</friend>
		</circle>
	</user>
	<user>
		<id>22014</id>
		<name>Chao Lau</name>
		<advisor>22013</advisor>
		<circle>
			<cid>22043</cid>
			<friend>
				<fid>22010</fid>
				<fname>Xao Lee</fname>
			</friend>
			<friend>
				<fid>22011</fid>
				<fname>Yao Ming</fname>
			</friend>
			<friend>
				<fid>22012</fid>
				<fname>Xing Chen</fname>
			</friend>
			<friend>
				<fid>22013</fid>
				<fname>Ming Wang</fname>
			</friend>
			<friend>
				<fid>22015</fid>
				<fname>Akshay Kumar</fname>
			</friend>
		</circle>
		<circle>
			<cid>22044</cid>
			<friend>
				<fid>22011</fid>
				<fname>Yao Ming</fname>
			</friend>
			<friend>
				<fid>22012</fid>
				<fname>Xing Chen</fname>
			</friend>
			<friend>
				<fid>22015</fid>
				<fname>Akshay Kumar</fname>
			</friend>
		</circle>
		<circle>
			<cid>22045</cid>
			<friend>
				<fid>22010</fid>
				<fname>Xao Lee</fname>
			</friend>
			<friend>
				<fid>22013</fid>
				<fname>Ming Wang</fname>
			</friend>
		</circle>
	</user>
	<user>
		<id>22015</id>
		<name>Akshay Kumar</name>
		<circle>
			<cid>22046</cid>
			<friend>
				<fid>22014</fid>
				<fname>Chao Lau</fname>
			</friend>
			<friend>
				<fid>22016</fid>
				<fname>Hrithik Roshan</fname>
			</friend>
			<friend>
				<fid>22017</fid>
				<fname>Aishwarya Rai</fname>
			</friend>
			<friend>
				<fid>22018</fid>
				<fname>Katrina Kaif</fname>
			</friend>
			<friend>
				<fid>22019</fid>
				<fname>Salman Khan</fname>
			</friend>
		</circle>
		<circle>
			<cid>22047</cid>
			<friend>
				<fid>22014</fid>
				<fname>Chao Lau</fname>
			</friend>
			<friend>
				<fid>22016</fid>
				<fname>Hrithik Roshan</fname>
			</friend>
			<friend>
				<fid>22017</fid>
				<fname>Aishwarya Rai</fname>
			</friend>
			<friend>
				<fid>22018</fid>
				<fname>Katrina Kaif</fname>
			</friend>
		</circle>
	</user>
	<user>
		<id>22016</id>
		<name>Hrithik Roshan</name>
		<circle>
			<cid>22048</cid>
			<friend>
				<fid>22015</fid>
				<fname>Akshay Kumar</fname>
			</friend>
			<friend>
				<fid>22017</fid>
				<fname>Aishwarya Rai</fname>
			</friend>
			<friend>
				<fid>22018</fid>
				<fname>Katrina Kaif</fname>
			</friend>
			<friend>
				<fid>22019</fid>
				<fname>Salman Khan</fname>
			</friend>
		</circle>
		<circle>
			<cid>22049</cid>
			<friend>
				<fid>22015</fid>
				<fname>Akshay Kumar</fname>
			</friend>
			<friend>
				<fid>22017</fid>
				<fname>Aishwarya Rai</fname>
			</friend>
			<friend>
				<fid>22018</fid>
				<fname>Katrina Kaif</fname>
			</friend>
		</circle>
	</user>
	<user>
		<id>22017</id>
		<name>Aishwarya Rai</name>
		<circle>
			<cid>22050</cid>
			<friend>
				<fid>22015</fid>
				<fname>Akshay Kumar</fname>
			</friend>
			<friend>
				<fid>22016</fid>
				<fname>Hrithik Roshan</fname>
			</friend>
			<friend>
				<fid>22018</fid>
				<fname>Katrina Kaif</fname>
			</friend>
			<friend>
				<fid>22019</fid>
				<fname>Salman Khan</fname>
			</friend>
		</circle>
		<circle>
			<cid>22051</cid>
			<friend>
				<fid>22015</fid>
				<fname>Akshay Kumar</fname>
			</friend>
			<friend>
				<fid>22016</fid>
				<fname>Hrithik Roshan</fname>
			</friend>
			<friend>
				<fid>22018</fid>
				<fname>Katrina Kaif</fname>
			</friend>
		</circle>
	</user>
	<user>
		<id>22018</id>
		<name>Katrina Kaif</name>
		<circle>
			<cid>22052</cid>
			<friend>
				<fid>22015</fid>
				<fname>Akshay Kumar</fname>
			</friend>
			<friend>
				<fid>22016</fid>
				<fname>Hrithik Roshan</fname>
			</friend>
			<friend>
				<fid>22017</fid>
				<fname>Aishwarya Rai</fname>
			</friend>
			<friend>
				<fid>22019</fid>
				<fname>Salman Khan</fname>
			</friend>
		</circle>
		<circle>
			<cid>22053</cid>
			<friend>
				<fid>22015</fid>
				<fname>Akshay Kumar</fname>
			</friend>
			<friend>
				<fid>22016</fid>
				<fname>Hrithik Roshan</fname>
			</friend>
			<friend>
				<fid>22017</fid>
				<fname>Aishwarya Rai</fname>
			</friend>
		</circle>
	</user>
	<user>
		<id>22019</id>
		<name>Salman Khan</name>
		<circle>
			<cid>22054</cid>
			<friend>
				<fid>22015</fid>
				<fname>Akshay Kumar</fname>
			</friend>
			<friend>
				<fid>22016</fid>
				<fname>Hrithik Roshan</fname>
			</friend>
			<friend>
				<fid>22017</fid>
				<fname>Aishwarya Rai</fname>
			</friend>
			<friend>
				<fid>22018</fid>
				<fname>Katrina Kaif</fname>
			</friend>
		</circle>
		<circle>
			<cid>22055</cid>
			<friend>
				<fid>22016</fid>
				<fname>Hrithik Roshan</fname>
			</friend>
			<friend>
				<fid>22017</fid>
				<fname>Aishwarya Rai</fname>
			</friend>
			<friend>
				<fid>22018</fid>
				<fname>Katrina Kaif</fname>
			</friend>
		</circle>
	</user>
	<user>
		<id>100001</id>
		<name>p1 </name>
		<circle>
			<cid>100001</cid>
			<friend>
				<fid>100002</fid>
				<fname>p2 </fname>
			</friend>
			<friend>
				<fid>100003</fid>
				<fname>p3 </fname>
			</friend>
			<friend>
				<fid>100004</fid>
				<fname>p4 </fname>
			</friend>
			<friend>
				<fid>100005</fid>
				<fname>p5 </fname>
			</friend>
			<friend>
				<fid>100006</fid>
				<fname>p6 </fname>
			</friend>
			<friend>
				<fid>100007</fid>
				<fname>p7 </fname>
			</friend>
			<friend>
				<fid>100008</fid>
				<fname>p8 </fname>
			</friend>
			<friend>
				<fid>100009</fid>
				<fname>p9 </fname>
			</friend>
			<friend>
				<fid>100010</fid>
				<fname>p10 </fname>
			</friend>
			<friend>
				<fid>100011</fid>
				<fname>p11 </fname>
			</friend>
			<friend>
				<fid>100012</fid>
				<fname>p12 </fname>
			</friend>
			<friend>
				<fid>100013</fid>
				<fname>p13 </fname>
			</friend>
			<friend>
				<fid>100014</fid>
				<fname>p14 </fname>
			</friend>
			<friend>
				<fid>100015</fid>
				<fname>p15 </fname>
			</friend>
			<friend>
				<fid>100016</fid>
				<fname>p16 </fname>
			</friend>
			<friend>
				<fid>100017</fid>
				<fname>p17 </fname>
			</friend>
			<friend>
				<fid>100018</fid>
				<fname>p18 </fname>
			</friend>
			<friend>
				<fid>100019</fid>
				<fname>p19 </fname>
			</friend>
			<friend>
				<fid>100020</fid>
				<fname>p20 </fname>
			</friend>
			<friend>
				<fid>100021</fid>
				<fname>p21 </fname>
			</friend>
			<friend>
				<fid>100022</fid>
				<fname>p22 </fname>
			</friend>
			<friend>
				<fid>100023</fid>
				<fname>p23 </fname>
			</friend>
			<friend>
				<fid>100024</fid>
				<fname>p24 </fname>
			</friend>
		</circle>
		<circle>
			<cid>200001</cid>
		</circle>
	</user>
	<user>
		<id>100002</id>
		<name>p2 </name>
		<circle>
			<cid>100002</cid>
			<friend>
				<fid>100004</fid>
				<fname>p4 </fname>
			</friend>
			<friend>
				<fid>100006</fid>
				<fname>p6 </fname>
			</friend>
			<friend>
				<fid>100008</fid>
				<fname>p8 </fname>
			</friend>
			<friend>
				<fid>100010</fid>
				<fname>p10 </fname>
			</friend>
			<friend>
				<fid>100012</fid>
				<fname>p12 </fname>
			</friend>
			<friend>
				<fid>100014</fid>
				<fname>p14 </fname>
			</friend>
			<friend>
				<fid>100016</fid>
				<fname>p16 </fname>
			</friend>
			<friend>
				<fid>100018</fid>
				<fname>p18 </fname>
			</friend>
			<friend>
				<fid>100020</fid>
				<fname>p20 </fname>
			</friend>
			<friend>
				<fid>100022</fid>
				<fname>p22 </fname>
			</friend>
			<friend>
				<fid>100024</fid>
				<fname>p24 </fname>
			</friend>
		</circle>
		<circle>
			<cid>200002</cid>
			<friend>
				<fid>100001</fid>
				<fname>p1 </fname>
			</friend>
		</circle>
	</user>
	<user>
		<id>100003</id>
		<name>p3 </name>
		<circle>
			<cid>100003</cid>
			<friend>
				<fid>100006</fid>
				<fname>p6 </fname>
			</friend>
			<friend>
				<fid>100009</fid>
				<fname>p9 </fname>
			</friend>
			<friend>
				<fid>100012</fid>
				<fname>p12 </fname>
			</friend>
			<friend>
				<fid>100015</fid>
				<fname>p15 </fname>
			</friend>
			<friend>
				<fid>100018</fid>
				<fname>p18 </fname>
			</friend>
			<friend>
				<fid>100021</fid>
				<fname>p21 </fname>
			</friend>
			<friend>
				<fid>100024</fid>
				<fname>p24 </fname>
			</friend>
		</circle>
		<circle>
			<cid>200003</cid>
			<friend>
				<fid>100001</fid>
				<fname>p1 </fname>
			</friend>
		</circle>
	</user>
	<user>
		<id>100004</id>
		<name>p4 </name>
		<circle>
			<cid>100004</cid>
			<friend>
				<fid>100008</fid>
				<fname>p8 </fname>
			</friend>
			<friend>
				<fid>100012</fid>
				<fname>p12 </fname>
			</friend>
			<friend>
				<fid>100016</fid>
				<fname>p16 </fname>
			</friend>
			<friend>
				<fid>100020</fid>
				<fname>p20 </fname>
			</friend>
			<friend>
				<fid>100024</fid>
				<fname>p24 </fname>
			</friend>
		</circle>
		<circle>
			<cid>200004</cid>
			<friend>
				<fid>100001</fid>
				<fname>p1 </fname>
			</friend>
			<friend>
				<fid>100002</fid>
				<fname>p2 </fname>
			</friend>
		</circle>
	</user>
	<user>
		<id>100005</id>
		<name>p5 </name>
		<circle>
			<cid>100005</cid>
			<friend>
				<fid>100010</fid>
				<fname>p10 </fname>
			</friend>
			<friend>
				<fid>100015</fid>
				<fname>p15 </fname>
			</friend>
			<friend>
				<fid>100020</fid>
				<fname>p20 </fname>
			</friend>
		</circle>
		<circle>
			<cid>200005</cid>
			<friend>
				<fid>100001</fid>
				<fname>p1 </fname>
			</friend>
		</circle>
	</user>
	<user>
		<id>100006</id>
		<name>p6 </name>
		<circle>
			<cid>100006</cid>
			<friend>
				<fid>100012</fid>
				<fname>p12 </fname>
			</friend>
			<friend>
				<fid>100018</fid>
				<fname>p18 </fname>
			</friend>
			<friend>
				<fid>100024</fid>
				<fname>p24 </fname>
			</friend>
		</circle>
		<circle>
			<cid>200006</cid>
			<friend>
				<fid>100001</fid>
				<fname>p1 </fname>
			</friend>
			<friend>
				<fid>100002</fid>
				<fname>p2 </fname>
			</friend>
			<friend>
				<fid>100003</fid>
				<fname>p3 </fname>
			</friend>
		</circle>
	</user>
	<user>
		<id>100007</id>
		<name>p7 </name>
		<circle>
			<cid>100007</cid>
			<friend>
				<fid>100014</fid>
				<fname>p14 </fname>
			</friend>
			<friend>
				<fid>100021</fid>
				<fname>p21 </fname>
			</friend>
		</circle>
		<circle>
			<cid>200007</cid>
			<friend>
				<fid>100001</fid>
				<fname>p1 </fname>
			</friend>
		</circle>
	</user>
	<user>
		<id>100008</id>
		<name>p8 </name>
		<circle>
			<cid>100008</cid>
			<friend>
				<fid>100016</fid>
				<fname>p16 </fname>
			</friend>
			<friend>
				<fid>100024</fid>
				<fname>p24 </fname>
			</friend>
		</circle>
		<circle>
			<cid>200008</cid>
			<friend>
				<fid>100001</fid>
				<fname>p1 </fname>
			</friend>
			<friend>
				<fid>100002</fid>
				<fname>p2 </fname>
			</friend>
			<friend>
				<fid>100004</fid>
				<fname>p4 </fname>
			</friend>
		</circle>
	</user>
	<user>
		<id>100009</id>
		<name>p9 </name>
		<circle>
			<cid>100009</cid>
			<friend>
				<fid>100018</fid>
				<fname>p18 </fname>
			</friend>
		</circle>
		<circle>
			<cid>200009</cid>
			<friend>
				<fid>100001</fid>
				<fname>p1 </fname>
			</friend>
			<friend>
				<fid>100003</fid>
				<fname>p3 </fname>
			</friend>
		</circle>
	</user>
	<user>
		<id>100010</id>
		<name>p10 </name>
		<circle>
			<cid>100010</cid>
			<friend>
				<fid>100020</fid>
				<fname>p20 </fname>
			</friend>
		</circle>
		<circle>
			<cid>200010</cid>
			<friend>
				<fid>100001</fid>
				<fname>p1 </fname>
			</friend>
			<friend>
				<fid>100002</fid>
				<fname>p2 </fname>
			</friend>
			<friend>
				<fid>100005</fid>
				<fname>p5 </fname>
			</friend>
		</circle>
	</user>
	<user>
		<id>100011</id>
		<name>p11 </name>
		<circle>
			<cid>100011</cid>
			<friend>
				<fid>100022</fid>
				<fname>p22 </fname>
			</friend>
		</circle>
		<circle>
			<cid>200011</cid>
			<friend>
				<fid>100001</fid>
				<fname>p1 </fname>
			</friend>
		</circle>
	</user>
	<user>
		<id>100012</id>
		<name>p12 </name>
		<circle>
			<cid>100012</cid>
			<friend>
				<fid>100024</fid>
				<fname>p24 </fname>
			</friend>
		</circle>
		<circle>
			<cid>200012</cid>
			<friend>
				<fid>100001</fid>
				<fname>p1 </fname>
			</friend>
			<friend>
				<fid>100002</fid>
				<fname>p2 </fname>
			</friend>
			<friend>
				<fid>100003</fid>
				<fname>p3 </fname>
			</friend>
			<friend>
				<fid>100004</fid>
				<fname>p4 </fname>
			</friend>
			<friend>
				<fid>100006</fid>
				<fname>p6 </fname>
			</friend>
		</circle>
	</user>
	<user>
		<id>100013</id>
		<name>p13 </name>
		<circle>
			<cid>100013</cid>
		</circle>
		<circle>
			<cid>200013</cid>
			<friend>
				<fid>100001</fid>
				<fname>p1 </fname>
			</friend>
		</circle>
	</user>
	<user>
		<id>100014</id>
		<name>p14 </name>
		<circle>
			<cid>100014</cid>
		</circle>
		<circle>
			<cid>200014</cid>
			<friend>
				<fid>100001</fid>
				<fname>p1 </fname>
			</friend>
			<friend>
				<fid>100002</fid>
				<fname>p2 </fname>
			</friend>
			<friend>
				<fid>100007</fid>
				<fname>p7 </fname>
			</friend>
		</circle>
	</user>
	<user>
		<id>100015</id>
		<name>p15 </name>
		<circle>
			<cid>100015</cid>
		</circle>
		<circle>
			<cid>200015</cid>
			<friend>
				<fid>100001</fid>
				<fname>p1 </fname>
			</friend>
			<friend>
				<fid>100003</fid>
				<fname>p3 </fname>
			</friend>
			<friend>
				<fid>100005</fid>
				<fname>p5 </fname>
			</friend>
		</circle>
	</user>
	<user>
		<id>100016</id>
		<name>p16 </name>
		<circle>
			<cid>100016</cid>
		</circle>
		<circle>
			<cid>200016</cid>
			<friend>
				<fid>100001</fid>
				<fname>p1 </fname>
			</friend>
			<friend>
				<fid>100002</fid>
				<fname>p2 </fname>
			</friend>
			<friend>
				<fid>100004</fid>
				<fname>p4 </fname>
			</friend>
			<friend>
				<fid>100008</fid>
				<fname>p8 </fname>
			</friend>
		</circle>
	</user>
	<user>
		<id>100017</id>
		<name>p17 </name>
		<circle>
			<cid>100017</cid>
		</circle>
		<circle>
			<cid>200017</cid>
			<friend>
				<fid>100001</fid>
				<fname>p1 </fname>
			</friend>
		</circle>
	</user>
	<user>
		<id>100018</id>
		<name>p18 </name>
		<circle>
			<cid>100018</cid>
		</circle>
		<circle>
			<cid>200018</cid>
			<friend>
				<fid>100001</fid>
				<fname>p1 </fname>
			</friend>
			<friend>
				<fid>100002</fid>
				<fname>p2 </fname>
			</friend>
			<friend>
				<fid>100003</fid>
				<fname>p3 </fname>
			</friend>
			<friend>
				<fid>100006</fid>
				<fname>p6 </fname>
			</friend>
			<friend>
				<fid>100009</fid>
				<fname>p9 </fname>
			</friend>
		</circle>
	</user>
	<user>
		<id>100019</id>
		<name>p19 </name>
		<circle>
			<cid>100019</cid>
		</circle>
		<circle>
			<cid>200019</cid>
			<friend>
				<fid>100001</fid>
				<fname>p1 </fname>
			</friend>
		</circle>
	</user>
	<user>
		<id>100020</id>
		<name>p20 </name>
		<circle>
			<cid>100020</cid>
		</circle>
		<circle>
			<cid>200020</cid>
			<friend>
				<fid>100001</fid>
				<fname>p1 </fname>
			</friend>
			<friend>
				<fid>100002</fid>
				<fname>p2 </fname>
			</friend>
			<friend>
				<fid>100004</fid>
				<fname>p4 </fname>
			</friend>
			<friend>
				<fid>100005</fid>
				<fname>p5 </fname>
			</friend>
			<friend>
				<fid>100010</fid>
				<fname>p10 </fname>
			</friend>
		</circle>
	</user>
	<user>
		<id>100021</id>
		<name>p21 </name>
		<circle>
			<cid>100021</cid>
		</circle>
		<circle>
			<cid>200021</cid>
			<friend>
				<fid>100001</fid>
				<fname>p1 </fname>
			</friend>
			<friend>
				<fid>100003</fid>
				<fname>p3 </fname>
			</friend>
			<friend>
				<fid>100007</fid>
				<fname>p7 </fname>
			</friend>
		</circle>
	</user>
	<user>
		<id>100022</id>
		<name>p22 </name>
		<circle>
			<cid>100022</cid>
		</circle>
		<circle>
			<cid>200022</cid>
			<friend>
				<fid>100001</fid>
				<fname>p1 </fname>
			</friend>
			<friend>
				<fid>100002</fid>
				<fname>p2 </fname>
			</friend>
			<friend>
				<fid>100011</fid>
				<fname>p11 </fname>
			</friend>
		</circle>
	</user>
	<user>
		<id>100023</id>
		<name>p23 </name>
		<circle>
			<cid>100023</cid>
		</circle>
		<circle>
			<cid>200023</cid>
			<friend>
				<fid>100001</fid>
				<fname>p1 </fname>
			</friend>
		</circle>
	</user>
	<user>
		<id>100024</id>
		<name>p24 </name>
		<circle>
			<cid>100024</cid>
		</circle>
		<circle>
			<cid>200024</cid>
			<friend>
				<fid>100001</fid>
				<fname>p1 </fname>
			</friend>
			<friend>
				<fid>100002</fid>
				<fname>p2 </fname>
			</friend>
			<friend>
				<fid>100003</fid>
				<fname>p3 </fname>
			</friend>
			<friend>
				<fid>100004</fid>
				<fname>p4 </fname>
			</friend>
			<friend>
				<fid>100006</fid>
				<fname>p6 </fname>
			</friend>
			<friend>
				<fid>100008</fid>
				<fname>p8 </fname>
			</friend>
			<friend>
				<fid>100012</fid>
				<fname>p12 </fname>
			</friend>
		</circle>
	</user>
</db>
