<?xml version="1.0" encoding="UTF-8"?>
<DB>
  <ENTRIES>
    <USER>
      <ID>12001</ID>
      <FNAME>Gaby</FNAME>
      <LNAME>Moreno</LNAME>
      <BDAY>12/01/1990</BDAY>
      <EMAIL>gmoren@seas.upenn.edu</EMAIL>
      <GENDER>F</GENDER>
      <ADDRESS>3465 Sansom St, Phildelphia, PA 19104</ADDRESS>
      <PW>12001pennphoto</PW>
    </USER>
    <USER>
      <ID>12003</ID>
      <FNAME>Cal</FNAME>
      <LNAME>Ca</LNAME>
      <BDAY>12/01/1990</BDAY>
      <EMAIL>calca@cis.upenn.edu</EMAIL>
      <GENDER>M</GENDER>
      <ADDRESS>3330 Walnut St, Phildelphia, PA 19104</ADDRESS>
      <PW>12003pennphoto</PW>
    </USER>
    <USER>
      <ID>12004</ID>
      <FNAME>David</FNAME>
      <LNAME>Da</LNAME>
      <BDAY>12/01/1990</BDAY>
      <EMAIL>davidda@cis.upenn.edu</EMAIL>
      <GENDER>M</GENDER>
      <ADDRESS>3330 Walnut St, Phildelphia, PA 19104</ADDRESS>
      <PW>12004pennphoto</PW>
    </USER>
    <USER>
      <ID>12005</ID>
      <FNAME>Earl</FNAME>
      <LNAME>Ea</LNAME>
      <BDAY>12/01/1990</BDAY>
      <EMAIL>earlea@cis.upenn.edu</EMAIL>
      <GENDER>M</GENDER>
      <ADDRESS>3330 Walnut St, Phildelphia, PA 19104</ADDRESS>
      <PW>12005pennphoto</PW>
    </USER>
    <USER>
      <ID>12006</ID>
      <FNAME>Frank</FNAME>
      <LNAME>Fa</LNAME>
      <BDAY>12/01/1990</BDAY>
      <EMAIL>FrankFa@seas.upenn.edu</EMAIL>
      <GENDER>F</GENDER>
      <ADDRESS>3465 Sansom St, Phildelphia, PA 19104</ADDRESS>
      <PW>12006pennphoto</PW>
    </USER>
    <USER>
      <ID>12007</ID>
      <FNAME>Gary</FNAME>
      <LNAME>Ga</LNAME>
      <BDAY>12/01/1990</BDAY>
      <EMAIL>garyga@cis.upenn.edu</EMAIL>
      <GENDER>M</GENDER>
      <ADDRESS>3330 Walnut St, Phildelphia, PA 19104</ADDRESS>
      <PW>12007pennphoto</PW>
    </USER>
    <USER>
      <ID>12008</ID>
      <FNAME>Hank</FNAME>
      <LNAME>Ha</LNAME>
      <BDAY>12/01/1990</BDAY>
      <EMAIL>HankHa@cis.upenn.edu</EMAIL>
      <GENDER>M</GENDER>
      <ADDRESS>3330 Walnut St, Phildelphia, PA 19104</ADDRESS>
      <PW>12008pennphoto</PW>
    </USER>
    <USER>
      <ID>12009</ID>
      <FNAME>Ian</FNAME>
      <LNAME>Ia</LNAME>
      <BDAY>12/01/1990</BDAY>
      <EMAIL>iania@cis.upenn.edu</EMAIL>
      <GENDER>M</GENDER>
      <ADDRESS>3330 Walnut St, Phildelphia, PA 19104</ADDRESS>
      <PW>12009pennphoto</PW>
    </USER>
    <USER>
      <ID>12010</ID>
      <FNAME>Jan</FNAME>
      <LNAME>Ja</LNAME>
      <BDAY>12/01/1990</BDAY>
      <EMAIL>janja@cis.upenn.edu</EMAIL>
      <GENDER>F</GENDER>
      <ADDRESS>3330 Walnut St, Phildelphia, PA 19104</ADDRESS>
      <PW>12010pennphoto</PW>
    </USER>
    <USER>
      <ID>12011</ID>
      <FNAME>Kai</FNAME>
      <LNAME>Ka</LNAME>
      <BDAY>12/01/1990</BDAY>
      <EMAIL>kaika@cis.upenn.edu</EMAIL>
      <GENDER>M</GENDER>
      <ADDRESS>3330 Walnut St, Phildelphia, PA 19104</ADDRESS>
      <PW>12011pennphoto</PW>
    </USER>
    <USER>
      <ID>12012</ID>
      <FNAME>Lily</FNAME>
      <LNAME>La</LNAME>
      <BDAY>12/01/1990</BDAY>
      <EMAIL>lilyla@cis.upenn.edu</EMAIL>
      <GENDER>F</GENDER>
      <ADDRESS>3330 Walnut St, Phildelphia, PA 19104</ADDRESS>
      <PW>12012pennphoto</PW>
    </USER>
    <USER>
      <ID>12013</ID>
      <FNAME>Mannie</FNAME>
      <LNAME>Ma</LNAME>
      <BDAY>12/01/1990</BDAY>
      <EMAIL>manniema@cis.upenn.edu</EMAIL>
      <GENDER>M</GENDER>
      <ADDRESS>3330 Walnut St, Phildelphia, PA 19104</ADDRESS>
      <PW>12013pennphoto</PW>
    </USER>
    <USER>
      <ID>12014</ID>
      <FNAME>Nan</FNAME>
      <LNAME>Na</LNAME>
      <BDAY>12/01/1990</BDAY>
      <EMAIL>nanna@cis.upenn.edu</EMAIL>
      <GENDER>M</GENDER>
      <ADDRESS>3330 Walnut St, Phildelphia, PA 19104</ADDRESS>
      <PW>12014pennphoto</PW>
    </USER>
    <USER>
      <ID>12015</ID>
      <FNAME>On</FNAME>
      <LNAME>Oa</LNAME>
      <BDAY>12/01/1990</BDAY>
      <EMAIL>onoa@cis.upenn.edu</EMAIL>
      <GENDER>M</GENDER>
      <ADDRESS>3330 Walnut St, Phildelphia, PA 19104</ADDRESS>
      <PW>12015pennphoto</PW>
    </USER>
    <USER>
      <ID>12016</ID>
      <FNAME>Pam</FNAME>
      <LNAME>Pa</LNAME>
      <BDAY>12/01/1990</BDAY>
      <EMAIL>pampa@cis.upenn.edu</EMAIL>
      <GENDER>M</GENDER>
      <ADDRESS>3330 Walnut St, Phildelphia, PA 19104</ADDRESS>
      <PW>12016pennphoto</PW>
    </USER>
    <USER>
      <ID>12017</ID>
      <FNAME>rat</FNAME>
      <LNAME>ra</LNAME>
      <BDAY>12/01/1990</BDAY>
      <EMAIL>ratra@cis.upenn.edu</EMAIL>
      <GENDER>M</GENDER>
      <ADDRESS>3330 Walnut St, Phildelphia, PA 19104</ADDRESS>
      <PW>12017pennphoto</PW>
    </USER>
    <USER>
      <ID>12018</ID>
      <FNAME>sam</FNAME>
      <LNAME>sa</LNAME>
      <BDAY>12/01/1990</BDAY>
      <EMAIL>samsa@cis.upenn.edu</EMAIL>
      <GENDER>M</GENDER>
      <ADDRESS>3330 Walnut St, Phildelphia, PA 19104</ADDRESS>
      <PW>12018pennphoto</PW>
    </USER>
    <USER>
      <ID>12019</ID>
      <FNAME>Tony</FNAME>
      <LNAME>Ta</LNAME>
      <BDAY>12/01/1990</BDAY>
      <EMAIL>tonyta@cis.upenn.edu</EMAIL>
      <GENDER>M</GENDER>
      <ADDRESS>3330 Walnut St, Phildelphia, PA 19104</ADDRESS>
      <PW>12019pennphoto</PW>
    </USER>
    <USER>
      <ID>12020</ID>
      <FNAME>Ui</FNAME>
      <LNAME>Ua</LNAME>
      <BDAY>12/01/1990</BDAY>
      <EMAIL>uiua@cis.upenn.edu</EMAIL>
      <GENDER>M</GENDER>
      <ADDRESS>3330 Walnut St, Phildelphia, PA 19104</ADDRESS>
      <PW>12020pennphoto</PW>
    </USER>
    <USER>
      <ID>12002</ID>
      <FNAME>Zach</FNAME>
      <LNAME>Ives</LNAME>
      <BDAY>12/01/1990</BDAY>
      <EMAIL>zives@cis.upenn.edu</EMAIL>
      <GENDER>M</GENDER>
      <ADDRESS>3330 Walnut St, Phildelphia, PA 19104</ADDRESS>
      <PW>12002pennphoto</PW>
    </USER>
    <PROFESSOR>
      <ID>12002</ID>
      <RESEARCH/>
      <ROOM/>
    </PROFESSOR>
    <STUDENT>
      <ID>12001</ID>
      <ADVISOR>12002</ADVISOR>
      <YEAR/>
    </STUDENT>
    <STUDENT>
      <ID>12003</ID>
      <ADVISOR>12002</ADVISOR>
      <YEAR/>
    </STUDENT>
    <STUDENT>
      <ID>12004</ID>
      <ADVISOR>12002</ADVISOR>
      <YEAR/>
    </STUDENT>
    <STUDENT>
      <ID>12005</ID>
      <ADVISOR>12002</ADVISOR>
      <YEAR/>
    </STUDENT>
    <STUDENT>
      <ID>12006</ID>
      <ADVISOR>12002</ADVISOR>
      <YEAR/>
    </STUDENT>
    <STUDENT>
      <ID>12007</ID>
      <ADVISOR>12002</ADVISOR>
      <YEAR/>
    </STUDENT>
    <STUDENT>
      <ID>12008</ID>
      <ADVISOR>12002</ADVISOR>
      <YEAR/>
    </STUDENT>
    <STUDENT>
      <ID>12009</ID>
      <ADVISOR>12002</ADVISOR>
      <YEAR/>
    </STUDENT>
    <STUDENT>
      <ID>12010</ID>
      <ADVISOR>12002</ADVISOR>
      <YEAR/>
    </STUDENT>
    <STUDENT>
      <ID>12011</ID>
      <ADVISOR>12002</ADVISOR>
      <YEAR/>
    </STUDENT>
    <STUDENT>
      <ID>12012</ID>
      <ADVISOR>12002</ADVISOR>
      <YEAR/>
    </STUDENT>
    <STUDENT>
      <ID>12013</ID>
      <ADVISOR>12002</ADVISOR>
      <YEAR/>
    </STUDENT>
    <STUDENT>
      <ID>12014</ID>
      <ADVISOR>12002</ADVISOR>
      <YEAR/>
    </STUDENT>
    <STUDENT>
      <ID>12015</ID>
      <ADVISOR>12002</ADVISOR>
      <YEAR/>
    </STUDENT>
    <STUDENT>
      <ID>12016</ID>
      <ADVISOR>12002</ADVISOR>
      <YEAR/>
    </STUDENT>
    <STUDENT>
      <ID>12017</ID>
      <ADVISOR>12002</ADVISOR>
      <YEAR/>
    </STUDENT>
    <STUDENT>
      <ID>12018</ID>
      <ADVISOR>12002</ADVISOR>
      <YEAR/>
    </STUDENT>
    <STUDENT>
      <ID>12019</ID>
      <ADVISOR>12002</ADVISOR>
      <YEAR/>
    </STUDENT>
    <STUDENT>
      <ID>12020</ID>
      <ADVISOR>12002</ADVISOR>
      <YEAR/>
    </STUDENT>
    <CIRCLE>
      <CID>12501</CID>
      <OWNERID>12001</OWNERID>
      <CNAME>Professors</CNAME>
    </CIRCLE>
    <CIRCLE>
      <CID>12502</CID>
      <OWNERID>12001</OWNERID>
      <CNAME>DMD</CNAME>
    </CIRCLE>
    <CIRCLE>
      <CID>12503</CID>
      <OWNERID>12001</OWNERID>
      <CNAME>Wharton</CNAME>
    </CIRCLE>
    <CIRCLE>
      <CID>12505</CID>
      <OWNERID>12003</OWNERID>
      <CNAME>Advisees</CNAME>
    </CIRCLE>
    <CIRCLE>
      <CID>12506</CID>
      <OWNERID>12004</OWNERID>
      <CNAME>Advisees</CNAME>
    </CIRCLE>
    <CIRCLE>
      <CID>12507</CID>
      <OWNERID>12005</OWNERID>
      <CNAME>Advisees</CNAME>
    </CIRCLE>
    <CIRCLE>
      <CID>12508</CID>
      <OWNERID>12006</OWNERID>
      <CNAME>FrankA</CNAME>
    </CIRCLE>
    <CIRCLE>
      <CID>12550</CID>
      <OWNERID>12006</OWNERID>
      <CNAME>FrankB</CNAME>
    </CIRCLE>
    <CIRCLE>
      <CID>12551</CID>
      <OWNERID>12006</OWNERID>
      <CNAME>FrankC</CNAME>
    </CIRCLE>
    <CIRCLE>
      <CID>12509</CID>
      <OWNERID>12007</OWNERID>
      <CNAME>Advisees</CNAME>
    </CIRCLE>
    <CIRCLE>
      <CID>12510</CID>
      <OWNERID>12008</OWNERID>
      <CNAME>studentca</CNAME>
    </CIRCLE>
    <CIRCLE>
      <CID>12511</CID>
      <OWNERID>12009</OWNERID>
      <CNAME>Advisees</CNAME>
    </CIRCLE>
    <CIRCLE>
      <CID>12512</CID>
      <OWNERID>12010</OWNERID>
      <CNAME>Advisees</CNAME>
    </CIRCLE>
    <CIRCLE>
      <CID>12513</CID>
      <OWNERID>12011</OWNERID>
      <CNAME>Advisees</CNAME>
    </CIRCLE>
    <CIRCLE>
      <CID>12514</CID>
      <OWNERID>12012</OWNERID>
      <CNAME>Advisees</CNAME>
    </CIRCLE>
    <CIRCLE>
      <CID>12515</CID>
      <OWNERID>12013</OWNERID>
      <CNAME>Advisees</CNAME>
    </CIRCLE>
    <CIRCLE>
      <CID>12516</CID>
      <OWNERID>12014</OWNERID>
      <CNAME>Advisees</CNAME>
    </CIRCLE>
    <CIRCLE>
      <CID>12517</CID>
      <OWNERID>12015</OWNERID>
      <CNAME>Advisees</CNAME>
    </CIRCLE>
    <CIRCLE>
      <CID>12518</CID>
      <OWNERID>12016</OWNERID>
      <CNAME>Advisees</CNAME>
    </CIRCLE>
    <CIRCLE>
      <CID>12519</CID>
      <OWNERID>12017</OWNERID>
      <CNAME>Advisees</CNAME>
    </CIRCLE>
    <CIRCLE>
      <CID>12520</CID>
      <OWNERID>12018</OWNERID>
      <CNAME>Advisees</CNAME>
    </CIRCLE>
    <CIRCLE>
      <CID>12521</CID>
      <OWNERID>12019</OWNERID>
      <CNAME>Advisees</CNAME>
    </CIRCLE>
    <CIRCLE>
      <CID>12522</CID>
      <OWNERID>12020</OWNERID>
      <CNAME>Advisees</CNAME>
    </CIRCLE>
    <CIRCLE>
      <CID>12504</CID>
      <OWNERID>12002</OWNERID>
      <CNAME>Advisees</CNAME>
    </CIRCLE>
    <FRIEND>
      <FRIENDID>12002</FRIENDID>
      <CID>12501</CID>
    </FRIEND>
    <FRIEND>
      <FRIENDID>12006</FRIENDID>
      <CID>12505</CID>
    </FRIEND>
    <FRIEND>
      <FRIENDID>12007</FRIENDID>
      <CID>12506</CID>
    </FRIEND>
    <FRIEND>
      <FRIENDID>12007</FRIENDID>
      <CID>12507</CID>
    </FRIEND>
    <FRIEND>
      <FRIENDID>12002</FRIENDID>
      <CID>12508</CID>
    </FRIEND>
    <FRIEND>
      <FRIENDID>12006</FRIENDID>
      <CID>12509</CID>
    </FRIEND>
    <FRIEND>
      <FRIENDID>12006</FRIENDID>
      <CID>12510</CID>
    </FRIEND>
    <FRIEND>
      <FRIENDID>12006</FRIENDID>
      <CID>12511</CID>
    </FRIEND>
    <FRIEND>
      <FRIENDID>12006</FRIENDID>
      <CID>12512</CID>
    </FRIEND>
    <FRIEND>
      <FRIENDID>12006</FRIENDID>
      <CID>12513</CID>
    </FRIEND>
    <FRIEND>
      <FRIENDID>12006</FRIENDID>
      <CID>12514</CID>
    </FRIEND>
    <FRIEND>
      <FRIENDID>12006</FRIENDID>
      <CID>12515</CID>
    </FRIEND>
    <FRIEND>
      <FRIENDID>12006</FRIENDID>
      <CID>12516</CID>
    </FRIEND>
    <FRIEND>
      <FRIENDID>12006</FRIENDID>
      <CID>12517</CID>
    </FRIEND>
    <FRIEND>
      <FRIENDID>12006</FRIENDID>
      <CID>12518</CID>
    </FRIEND>
    <FRIEND>
      <FRIENDID>12006</FRIENDID>
      <CID>12519</CID>
    </FRIEND>
    <FRIEND>
      <FRIENDID>12006</FRIENDID>
      <CID>12520</CID>
    </FRIEND>
    <FRIEND>
      <FRIENDID>12006</FRIENDID>
      <CID>12521</CID>
    </FRIEND>
    <FRIEND>
      <FRIENDID>12006</FRIENDID>
      <CID>12522</CID>
    </FRIEND>
    <FRIEND>
      <FRIENDID>12004</FRIENDID>
      <CID>12504</CID>
    </FRIEND>
    <INTEREST>
      <ID>12001</ID>
      <INAME>Art</INAME>
    </INTEREST>
    <INTEREST>
      <ID>12001</ID>
      <INAME>Web Technologies</INAME>
    </INTEREST>
    <INTEREST>
      <ID>12001</ID>
      <INAME>HCI</INAME>
    </INTEREST>
    <INTEREST>
      <ID>12001</ID>
      <INAME>Tea</INAME>
    </INTEREST>
    <INTEREST>
      <ID>12003</ID>
      <INAME>calIA</INAME>
    </INTEREST>
    <INTEREST>
      <ID>12003</ID>
      <INAME>calIB</INAME>
    </INTEREST>
    <INTEREST>
      <ID>12003</ID>
      <INAME>calIC</INAME>
    </INTEREST>
    <INTEREST>
      <ID>12003</ID>
      <INAME>calID</INAME>
    </INTEREST>
    <INTEREST>
      <ID>12004</ID>
      <INAME>davidIA</INAME>
    </INTEREST>
    <INTEREST>
      <ID>12004</ID>
      <INAME>davidIB</INAME>
    </INTEREST>
    <INTEREST>
      <ID>12004</ID>
      <INAME>davidIC</INAME>
    </INTEREST>
    <INTEREST>
      <ID>12004</ID>
      <INAME>davidID</INAME>
    </INTEREST>
    <INTEREST>
      <ID>12005</ID>
      <INAME>earlIA</INAME>
    </INTEREST>
    <INTEREST>
      <ID>12005</ID>
      <INAME>earlIB</INAME>
    </INTEREST>
    <INTEREST>
      <ID>12005</ID>
      <INAME>earlIC</INAME>
    </INTEREST>
    <INTEREST>
      <ID>12005</ID>
      <INAME>earlID</INAME>
    </INTEREST>
    <INTEREST>
      <ID>12006</ID>
      <INAME>Art</INAME>
    </INTEREST>
    <INTEREST>
      <ID>12006</ID>
      <INAME>Web Technologies</INAME>
    </INTEREST>
    <INTEREST>
      <ID>12006</ID>
      <INAME>HCI</INAME>
    </INTEREST>
    <INTEREST>
      <ID>12006</ID>
      <INAME>Tea</INAME>
    </INTEREST>
    <INTEREST>
      <ID>12007</ID>
      <INAME>GaryIA</INAME>
    </INTEREST>
    <INTEREST>
      <ID>12007</ID>
      <INAME>GaryIB</INAME>
    </INTEREST>
    <INTEREST>
      <ID>12007</ID>
      <INAME>GaryIC</INAME>
    </INTEREST>
    <INTEREST>
      <ID>12007</ID>
      <INAME>GaryID</INAME>
    </INTEREST>
    <INTEREST>
      <ID>12008</ID>
      <INAME>HankIA</INAME>
    </INTEREST>
    <INTEREST>
      <ID>12008</ID>
      <INAME>HankIB</INAME>
    </INTEREST>
    <INTEREST>
      <ID>12008</ID>
      <INAME>HankIC</INAME>
    </INTEREST>
    <INTEREST>
      <ID>12008</ID>
      <INAME>HankID</INAME>
    </INTEREST>
    <INTEREST>
      <ID>12009</ID>
      <INAME>IanIA</INAME>
    </INTEREST>
    <INTEREST>
      <ID>12009</ID>
      <INAME>IanIB</INAME>
    </INTEREST>
    <INTEREST>
      <ID>12009</ID>
      <INAME>IanIC</INAME>
    </INTEREST>
    <INTEREST>
      <ID>12009</ID>
      <INAME>IanID</INAME>
    </INTEREST>
    <INTEREST>
      <ID>12010</ID>
      <INAME>JanIA</INAME>
    </INTEREST>
    <INTEREST>
      <ID>12010</ID>
      <INAME>JanIB</INAME>
    </INTEREST>
    <INTEREST>
      <ID>12010</ID>
      <INAME>JanIC</INAME>
    </INTEREST>
    <INTEREST>
      <ID>12010</ID>
      <INAME>JanID</INAME>
    </INTEREST>
    <INTEREST>
      <ID>12011</ID>
      <INAME>KaiIA</INAME>
    </INTEREST>
    <INTEREST>
      <ID>12011</ID>
      <INAME>KaiIB</INAME>
    </INTEREST>
    <INTEREST>
      <ID>12011</ID>
      <INAME>KaiIC</INAME>
    </INTEREST>
    <INTEREST>
      <ID>12011</ID>
      <INAME>KaiID</INAME>
    </INTEREST>
    <INTEREST>
      <ID>12012</ID>
      <INAME>LilaIA</INAME>
    </INTEREST>
    <INTEREST>
      <ID>12012</ID>
      <INAME>LilaIB</INAME>
    </INTEREST>
    <INTEREST>
      <ID>12012</ID>
      <INAME>LilaIC</INAME>
    </INTEREST>
    <INTEREST>
      <ID>12012</ID>
      <INAME>LilaID</INAME>
    </INTEREST>
    <INTEREST>
      <ID>12013</ID>
      <INAME>MannieIA</INAME>
    </INTEREST>
    <INTEREST>
      <ID>12013</ID>
      <INAME>mannieIB</INAME>
    </INTEREST>
    <INTEREST>
      <ID>12013</ID>
      <INAME>mannieIC</INAME>
    </INTEREST>
    <INTEREST>
      <ID>12013</ID>
      <INAME>mannieID</INAME>
    </INTEREST>
    <INTEREST>
      <ID>12014</ID>
      <INAME>nanIA</INAME>
    </INTEREST>
    <INTEREST>
      <ID>12014</ID>
      <INAME>nanIB</INAME>
    </INTEREST>
    <INTEREST>
      <ID>12014</ID>
      <INAME>nanIC</INAME>
    </INTEREST>
    <INTEREST>
      <ID>12014</ID>
      <INAME>nanID</INAME>
    </INTEREST>
    <INTEREST>
      <ID>12015</ID>
      <INAME>onIA</INAME>
    </INTEREST>
    <INTEREST>
      <ID>12015</ID>
      <INAME>onIB</INAME>
    </INTEREST>
    <INTEREST>
      <ID>12015</ID>
      <INAME>onIC</INAME>
    </INTEREST>
    <INTEREST>
      <ID>12015</ID>
      <INAME>onID</INAME>
    </INTEREST>
    <INTEREST>
      <ID>12016</ID>
      <INAME>pamIA</INAME>
    </INTEREST>
    <INTEREST>
      <ID>12016</ID>
      <INAME>pamIB</INAME>
    </INTEREST>
    <INTEREST>
      <ID>12016</ID>
      <INAME>pamIC</INAME>
    </INTEREST>
    <INTEREST>
      <ID>12016</ID>
      <INAME>pamID</INAME>
    </INTEREST>
    <INTEREST>
      <ID>12017</ID>
      <INAME>ratIA</INAME>
    </INTEREST>
    <INTEREST>
      <ID>12017</ID>
      <INAME>ratIB</INAME>
    </INTEREST>
    <INTEREST>
      <ID>12017</ID>
      <INAME>ratIC</INAME>
    </INTEREST>
    <INTEREST>
      <ID>12017</ID>
      <INAME>ratID</INAME>
    </INTEREST>
    <INTEREST>
      <ID>12018</ID>
      <INAME>samIA</INAME>
    </INTEREST>
    <INTEREST>
      <ID>12018</ID>
      <INAME>samIB</INAME>
    </INTEREST>
    <INTEREST>
      <ID>12018</ID>
      <INAME>samIC</INAME>
    </INTEREST>
    <INTEREST>
      <ID>12018</ID>
      <INAME>samID</INAME>
    </INTEREST>
    <INTEREST>
      <ID>12019</ID>
      <INAME>tonyIA</INAME>
    </INTEREST>
    <INTEREST>
      <ID>12019</ID>
      <INAME>tonyIB</INAME>
    </INTEREST>
    <INTEREST>
      <ID>12019</ID>
      <INAME>tonyIC</INAME>
    </INTEREST>
    <INTEREST>
      <ID>12019</ID>
      <INAME>tonyID</INAME>
    </INTEREST>
    <INTEREST>
      <ID>12020</ID>
      <INAME>uiIA</INAME>
    </INTEREST>
    <INTEREST>
      <ID>12020</ID>
      <INAME>uiIB</INAME>
    </INTEREST>
    <INTEREST>
      <ID>12020</ID>
      <INAME>uiIC</INAME>
    </INTEREST>
    <INTEREST>
      <ID>12020</ID>
      <INAME>uiID</INAME>
    </INTEREST>
    <INTEREST>
      <ID>12002</ID>
      <INAME>Databases</INAME>
    </INTEREST>
    <INTEREST>
      <ID>12002</ID>
      <INAME>Distributed Systems</INAME>
    </INTEREST>
    <INTEREST>
      <ID>12002</ID>
      <INAME>Web</INAME>
    </INTEREST>
    <INTEREST>
      <ID>12002</ID>
      <INAME>Data Integration</INAME>
    </INTEREST>
    <SCHOOL>
      <ID>12001</ID>
      <SCHOOLNAME>University of Pennsylvania</SCHOOLNAME>
    </SCHOOL>
    <SCHOOL>
      <ID>12003</ID>
      <SCHOOLNAME>University of Pennsylvania</SCHOOLNAME>
    </SCHOOL>
    <SCHOOL>
      <ID>12004</ID>
      <SCHOOLNAME>University of Pennsylvania</SCHOOLNAME>
    </SCHOOL>
    <SCHOOL>
      <ID>12005</ID>
      <SCHOOLNAME>University of Pennsylvania</SCHOOLNAME>
    </SCHOOL>
    <SCHOOL>
      <ID>12006</ID>
      <SCHOOLNAME>University of Pennsylvania</SCHOOLNAME>
    </SCHOOL>
    <SCHOOL>
      <ID>12007</ID>
      <SCHOOLNAME>University of Pennsylvania</SCHOOLNAME>
    </SCHOOL>
    <SCHOOL>
      <ID>12008</ID>
      <SCHOOLNAME>University of Pennsylvania</SCHOOLNAME>
    </SCHOOL>
    <SCHOOL>
      <ID>12009</ID>
      <SCHOOLNAME>University of Pennsylvania</SCHOOLNAME>
    </SCHOOL>
    <SCHOOL>
      <ID>12010</ID>
      <SCHOOLNAME>University of Pennsylvania</SCHOOLNAME>
    </SCHOOL>
    <SCHOOL>
      <ID>12011</ID>
      <SCHOOLNAME>University of Pennsylvania</SCHOOLNAME>
    </SCHOOL>
    <SCHOOL>
      <ID>12012</ID>
      <SCHOOLNAME>University of Pennsylvania</SCHOOLNAME>
    </SCHOOL>
    <SCHOOL>
      <ID>12013</ID>
      <SCHOOLNAME>University of Pennsylvania</SCHOOLNAME>
    </SCHOOL>
    <SCHOOL>
      <ID>12014</ID>
      <SCHOOLNAME>University of Pennsylvania</SCHOOLNAME>
    </SCHOOL>
    <SCHOOL>
      <ID>12015</ID>
      <SCHOOLNAME>University of Pennsylvania</SCHOOLNAME>
    </SCHOOL>
    <SCHOOL>
      <ID>12016</ID>
      <SCHOOLNAME>University of Pennsylvania</SCHOOLNAME>
    </SCHOOL>
    <SCHOOL>
      <ID>12017</ID>
      <SCHOOLNAME>University of Pennsylvania</SCHOOLNAME>
    </SCHOOL>
    <SCHOOL>
      <ID>12018</ID>
      <SCHOOLNAME>University of Pennsylvania</SCHOOLNAME>
    </SCHOOL>
    <SCHOOL>
      <ID>12019</ID>
      <SCHOOLNAME>University of Pennsylvania</SCHOOLNAME>
    </SCHOOL>
    <SCHOOL>
      <ID>12020</ID>
      <SCHOOLNAME>University of Pennsylvania</SCHOOLNAME>
    </SCHOOL>
    <SCHOOL>
      <ID>12002</ID>
      <SCHOOLNAME>University of Pennsylvania</SCHOOLNAME>
    </SCHOOL>
    <SCHOOL>
      <ID>12002</ID>
      <SCHOOLNAME>University of Washington</SCHOOLNAME>
    </SCHOOL>
    <SCHOOL>
      <ID>12002</ID>
      <SCHOOLNAME>Sonoma State University</SCHOOLNAME>
    </SCHOOL>
    <PHOTO>
      <PID>12601</PID>
      <USERID>12001</USERID>
      <URL>https://lh4.googleusercontent.com/-mEX1eO8JHSw/AAAAAAAAAAI/AAAAAAAAA94/E0LGWwHshlI/photo.jpg?sz=200</URL>
      <PRIVACY>ALL</PRIVACY>
    </PHOTO>
    <PHOTO>
      <PID>12602</PID>
      <USERID>12001</USERID>
      <URL>https://lh4.googleusercontent.com/-mEX1eO8JHSw/AAAAAAAAAAI/AAAAAAAAA94/E0LGWwHshlI/photo.jpg?sz=200</URL>
      <PRIVACY>ALL</PRIVACY>
    </PHOTO>
    <PHOTO>
      <PID>12603</PID>
      <USERID>12001</USERID>
      <URL>https://lh4.googleusercontent.com/-mEX1eO8JHSw/AAAAAAAAAAI/AAAAAAAAA94/E0LGWwHshlI/photo.jpg?sz=200</URL>
      <PRIVACY>ALL</PRIVACY>
    </PHOTO>
    <PHOTO>
      <PID>12605</PID>
      <USERID>12003</USERID>
      <URL>https://encrypted-tbn0.google.com/images?q=tbn:ANd9GcSqpdgn8xUsdPfLK-FGk3n1tRusVeRk2dnLFb12DyfrrRXRJBDB1PdqeeS0</URL>
      <PRIVACY>ALL</PRIVACY>
    </PHOTO>
    <PHOTO>
      <PID>12606</PID>
      <USERID>12004</USERID>
      <URL>https://encrypted-tbn1.google.com/images?q=tbn:ANd9GcQTTjQmuUk5eRJq11aOvElqcvzNdVLI_-CAkxGSexFozHTouA_7</URL>
      <PRIVACY>ALL</PRIVACY>
    </PHOTO>
    <PHOTO>
      <PID>12607</PID>
      <USERID>12005</USERID>
      <URL>https://encrypted-tbn1.google.com/images?q=tbn:ANd9GcQTTjQmuUk5eRJq11aOvElqcvzNdVLI_-CAkxGSexFozHTouA_7</URL>
      <PRIVACY>ALL</PRIVACY>
    </PHOTO>
    <PHOTO>
      <PID>12608</PID>
      <USERID>12006</USERID>
      <URL>https://lh4.googleusercontent.com/-mEX1eO8JHSw/AAAAAAAAAAI/AAAAAAAAA94/E0LGWwHshlI/photo.jpg?sz=200</URL>
      <PRIVACY>ALL</PRIVACY>
    </PHOTO>
    <PHOTO>
      <PID>12609</PID>
      <USERID>12006</USERID>
      <URL>https://lh4.googleusercontent.com/-mEX1eO8JHSw/AAAAAAAAAAI/AAAAAAAAA94/E0LGWwHshlI/photo.jpg?sz=200</URL>
      <PRIVACY>ALL</PRIVACY>
    </PHOTO>
    <PHOTO>
      <PID>12610</PID>
      <USERID>12006</USERID>
      <URL>https://lh4.googleusercontent.com/-mEX1eO8JHSw/AAAAAAAAAAI/AAAAAAAAA94/E0LGWwHshlI/photo.jpg?sz=200</URL>
      <PRIVACY>ALL</PRIVACY>
    </PHOTO>
    <PHOTO>
      <PID>12611</PID>
      <USERID>12007</USERID>
      <URL>http://www.flash-slideshow-maker.com/images/help_clip_image020.jpg</URL>
      <PRIVACY>ALL</PRIVACY>
    </PHOTO>
    <PHOTO>
      <PID>12612</PID>
      <USERID>12008</USERID>
      <URL>https://encrypted-tbn0.google.com/images?q=tbn:ANd9GcS_9PUsKr8XuCessrpgLxAreOPK0-Aveh3OBQ_tAkfbuMC8j1m0HA</URL>
      <PRIVACY>ALL</PRIVACY>
    </PHOTO>
    <PHOTO>
      <PID>12613</PID>
      <USERID>12009</USERID>
      <URL>https://encrypted-tbn0.google.com/images?q=tbn:ANd9GcS_9PUsKr8XuCessrpgLxAreOPK0-Aveh3OBQ_tAkfbuMC8j1m0HA</URL>
      <PRIVACY>ALL</PRIVACY>
    </PHOTO>
    <PHOTO>
      <PID>12614</PID>
      <USERID>12010</USERID>
      <URL>https://encrypted-tbn0.google.com/images?q=tbn:ANd9GcRNfZLVzOJR99MilHjPibTFOnB8jipvxtSTCeJdBYCiNX-s9NzU</URL>
      <PRIVACY>ALL</PRIVACY>
    </PHOTO>
    <PHOTO>
      <PID>12615</PID>
      <USERID>12011</USERID>
      <URL>https://encrypted-tbn0.google.com/images?q=tbn:ANd9GcRNfZLVzOJR99MilHjPibTFOnB8jipvxtSTCeJdBYCiNX-s9NzU</URL>
      <PRIVACY>ALL</PRIVACY>
    </PHOTO>
    <PHOTO>
      <PID>12616</PID>
      <USERID>12012</USERID>
      <URL>https://encrypted-tbn0.google.com/images?q=tbn:ANd9GcRNfZLVzOJR99MilHjPibTFOnB8jipvxtSTCeJdBYCiNX-s9NzU</URL>
      <PRIVACY>ALL</PRIVACY>
    </PHOTO>
    <PHOTO>
      <PID>12617</PID>
      <USERID>12013</USERID>
      <URL>https://encrypted-tbn0.google.com/images?q=tbn:ANd9GcRNfZLVzOJR99MilHjPibTFOnB8jipvxtSTCeJdBYCiNX-s9NzU</URL>
      <PRIVACY>ALL</PRIVACY>
    </PHOTO>
    <PHOTO>
      <PID>12618</PID>
      <USERID>12014</USERID>
      <URL>https://encrypted-tbn2.google.com/images?q=tbn:ANd9GcSWMHzpLjHyLWq7MWgFftLtl4B6CC2Re-9A9qVTHI5qrZHCoYfN</URL>
      <PRIVACY>ALL</PRIVACY>
    </PHOTO>
    <PHOTO>
      <PID>12619</PID>
      <USERID>12015</USERID>
      <URL>https://encrypted-tbn0.google.com/images?q=tbn:ANd9GcQVDXAUk0fq8Jj1o8djUEKk-dO35jFL0jAddc-C6JVlubJpsSu21A</URL>
      <PRIVACY>ALL</PRIVACY>
    </PHOTO>
    <PHOTO>
      <PID>12620</PID>
      <USERID>12016</USERID>
      <URL>https://encrypted-tbn0.google.com/images?q=tbn:ANd9GcQVDXAUk0fq8Jj1o8djUEKk-dO35jFL0jAddc-C6JVlubJpsSu21A</URL>
      <PRIVACY>ALL</PRIVACY>
    </PHOTO>
    <PHOTO>
      <PID>12621</PID>
      <USERID>12017</USERID>
      <URL>https://encrypted-tbn0.google.com/images?q=tbn:ANd9GcQVDXAUk0fq8Jj1o8djUEKk-dO35jFL0jAddc-C6JVlubJpsSu21A</URL>
      <PRIVACY>ALL</PRIVACY>
    </PHOTO>
    <PHOTO>
      <PID>12622</PID>
      <USERID>12018</USERID>
      <URL>https://encrypted-tbn0.google.com/images?q=tbn:ANd9GcQVDXAUk0fq8Jj1o8djUEKk-dO35jFL0jAddc-C6JVlubJpsSu21A</URL>
      <PRIVACY>ALL</PRIVACY>
    </PHOTO>
    <PHOTO>
      <PID>12623</PID>
      <USERID>12019</USERID>
      <URL>https://encrypted-tbn0.google.com/images?q=tbn:ANd9GcQVDXAUk0fq8Jj1o8djUEKk-dO35jFL0jAddc-C6JVlubJpsSu21A</URL>
      <PRIVACY>ALL</PRIVACY>
    </PHOTO>
    <PHOTO>
      <PID>12624</PID>
      <USERID>12020</USERID>
      <URL>https://encrypted-tbn0.google.com/images?q=tbn:ANd9GcSqpdgn8xUsdPfLK-FGk3n1tRusVeRk2dnLFb12DyfrrRXRJBDB1PdqeeS0</URL>
      <PRIVACY>ALL</PRIVACY>
    </PHOTO>
    <PHOTO>
      <PID>12604</PID>
      <USERID>12002</USERID>
      <URL>http://www.cis.upenn.edu/~zives/photos/photo-2009.jpg</URL>
      <PRIVACY>ALL</PRIVACY>
    </PHOTO>
    <RATING>
      <PID>12601</PID>
      <RATERID>12002</RATERID>
      <SCORE>3</SCORE>
    </RATING>
    <RATING>
      <PID>12602</PID>
      <RATERID>12002</RATERID>
      <SCORE>3</SCORE>
    </RATING>
    <RATING>
      <PID>12603</PID>
      <RATERID>12002</RATERID>
      <SCORE>3</SCORE>
    </RATING>
    <RATING>
      <PID>12605</PID>
      <RATERID>12001</RATERID>
      <SCORE>3</SCORE>
    </RATING>
    <RATING>
      <PID>12606</PID>
      <RATERID>12001</RATERID>
      <SCORE>3</SCORE>
    </RATING>
    <RATING>
      <PID>12607</PID>
      <RATERID>12001</RATERID>
      <SCORE>3</SCORE>
    </RATING>
    <RATING>
      <PID>12608</PID>
      <RATERID>12002</RATERID>
      <SCORE>3</SCORE>
    </RATING>
    <RATING>
      <PID>12609</PID>
      <RATERID>12002</RATERID>
      <SCORE>3</SCORE>
    </RATING>
    <RATING>
      <PID>12610</PID>
      <RATERID>12002</RATERID>
      <SCORE>3</SCORE>
    </RATING>
    <RATING>
      <PID>12611</PID>
      <RATERID>12001</RATERID>
      <SCORE>3</SCORE>
    </RATING>
    <RATING>
      <PID>12612</PID>
      <RATERID>12001</RATERID>
      <SCORE>3</SCORE>
    </RATING>
    <RATING>
      <PID>12613</PID>
      <RATERID>12001</RATERID>
      <SCORE>3</SCORE>
    </RATING>
    <RATING>
      <PID>12614</PID>
      <RATERID>12001</RATERID>
      <SCORE>3</SCORE>
    </RATING>
    <RATING>
      <PID>12615</PID>
      <RATERID>12001</RATERID>
      <SCORE>3</SCORE>
    </RATING>
    <RATING>
      <PID>12616</PID>
      <RATERID>12001</RATERID>
      <SCORE>3</SCORE>
    </RATING>
    <RATING>
      <PID>12617</PID>
      <RATERID>12001</RATERID>
      <SCORE>3</SCORE>
    </RATING>
    <RATING>
      <PID>12618</PID>
      <RATERID>12001</RATERID>
      <SCORE>3</SCORE>
    </RATING>
    <RATING>
      <PID>12619</PID>
      <RATERID>12001</RATERID>
      <SCORE>3</SCORE>
    </RATING>
    <RATING>
      <PID>12620</PID>
      <RATERID>12001</RATERID>
      <SCORE>3</SCORE>
    </RATING>
    <RATING>
      <PID>12621</PID>
      <RATERID>12001</RATERID>
      <SCORE>3</SCORE>
    </RATING>
    <RATING>
      <PID>12622</PID>
      <RATERID>12001</RATERID>
      <SCORE>3</SCORE>
    </RATING>
    <RATING>
      <PID>12623</PID>
      <RATERID>12001</RATERID>
      <SCORE>3</SCORE>
    </RATING>
    <RATING>
      <PID>12624</PID>
      <RATERID>12001</RATERID>
      <SCORE>3</SCORE>
    </RATING>
    <RATING>
      <PID>12604</PID>
      <RATERID>12009</RATERID>
      <SCORE>3</SCORE>
    </RATING>
    <TAG>
      <PID>12601</PID>
      <TAGGERID>1</TAGGERID>
      <COMMENT>gaby</COMMENT>
    </TAG>
    <TAG>
      <PID>12602</PID>
      <TAGGERID>1</TAGGERID>
      <COMMENT>gaby</COMMENT>
    </TAG>
    <TAG>
      <PID>12602</PID>
      <TAGGERID>1</TAGGERID>
      <COMMENT>moreno</COMMENT>
    </TAG>
    <TAG>
      <PID>12603</PID>
      <TAGGERID>1</TAGGERID>
      <COMMENT>gaby</COMMENT>
    </TAG>
    <TAG>
      <PID>12605</PID>
      <TAGGERID>1</TAGGERID>
      <COMMENT>cal</COMMENT>
    </TAG>
    <TAG>
      <PID>12605</PID>
      <TAGGERID>1</TAGGERID>
      <COMMENT>ca</COMMENT>
    </TAG>
    <TAG>
      <PID>12606</PID>
      <TAGGERID>1</TAGGERID>
      <COMMENT>david</COMMENT>
    </TAG>
    <TAG>
      <PID>12606</PID>
      <TAGGERID>1</TAGGERID>
      <COMMENT>da</COMMENT>
    </TAG>
    <TAG>
      <PID>12607</PID>
      <TAGGERID>1</TAGGERID>
      <COMMENT>earl</COMMENT>
    </TAG>
    <TAG>
      <PID>12607</PID>
      <TAGGERID>1</TAGGERID>
      <COMMENT>ea</COMMENT>
    </TAG>
    <TAG>
      <PID>12608</PID>
      <TAGGERID>1</TAGGERID>
      <COMMENT>gaby</COMMENT>
    </TAG>
    <TAG>
      <PID>12609</PID>
      <TAGGERID>1</TAGGERID>
      <COMMENT>gaby</COMMENT>
    </TAG>
    <TAG>
      <PID>12609</PID>
      <TAGGERID>1</TAGGERID>
      <COMMENT>moreno</COMMENT>
    </TAG>
    <TAG>
      <PID>12610</PID>
      <TAGGERID>1</TAGGERID>
      <COMMENT>gaby</COMMENT>
    </TAG>
    <TAG>
      <PID>12611</PID>
      <TAGGERID>1</TAGGERID>
      <COMMENT>gary</COMMENT>
    </TAG>
    <TAG>
      <PID>12611</PID>
      <TAGGERID>1</TAGGERID>
      <COMMENT>ga</COMMENT>
    </TAG>
    <TAG>
      <PID>12612</PID>
      <TAGGERID>1</TAGGERID>
      <COMMENT>Hank</COMMENT>
    </TAG>
    <TAG>
      <PID>12612</PID>
      <TAGGERID>1</TAGGERID>
      <COMMENT>ha</COMMENT>
    </TAG>
    <TAG>
      <PID>12613</PID>
      <TAGGERID>1</TAGGERID>
      <COMMENT>Hank</COMMENT>
    </TAG>
    <TAG>
      <PID>12613</PID>
      <TAGGERID>1</TAGGERID>
      <COMMENT>ha</COMMENT>
    </TAG>
    <TAG>
      <PID>12614</PID>
      <TAGGERID>1</TAGGERID>
      <COMMENT>Hank</COMMENT>
    </TAG>
    <TAG>
      <PID>12614</PID>
      <TAGGERID>1</TAGGERID>
      <COMMENT>ha</COMMENT>
    </TAG>
    <TAG>
      <PID>12615</PID>
      <TAGGERID>1</TAGGERID>
      <COMMENT>Hank</COMMENT>
    </TAG>
    <TAG>
      <PID>12615</PID>
      <TAGGERID>1</TAGGERID>
      <COMMENT>ha</COMMENT>
    </TAG>
    <TAG>
      <PID>12616</PID>
      <TAGGERID>1</TAGGERID>
      <COMMENT>Hank</COMMENT>
    </TAG>
    <TAG>
      <PID>12616</PID>
      <TAGGERID>1</TAGGERID>
      <COMMENT>ha</COMMENT>
    </TAG>
    <TAG>
      <PID>12617</PID>
      <TAGGERID>1</TAGGERID>
      <COMMENT>Hank</COMMENT>
    </TAG>
    <TAG>
      <PID>12617</PID>
      <TAGGERID>1</TAGGERID>
      <COMMENT>ha</COMMENT>
    </TAG>
    <TAG>
      <PID>12618</PID>
      <TAGGERID>1</TAGGERID>
      <COMMENT>Hank</COMMENT>
    </TAG>
    <TAG>
      <PID>12618</PID>
      <TAGGERID>1</TAGGERID>
      <COMMENT>ha</COMMENT>
    </TAG>
    <TAG>
      <PID>12619</PID>
      <TAGGERID>1</TAGGERID>
      <COMMENT>On</COMMENT>
    </TAG>
    <TAG>
      <PID>12619</PID>
      <TAGGERID>1</TAGGERID>
      <COMMENT>na</COMMENT>
    </TAG>
    <TAG>
      <PID>12620</PID>
      <TAGGERID>1</TAGGERID>
      <COMMENT>pam</COMMENT>
    </TAG>
    <TAG>
      <PID>12620</PID>
      <TAGGERID>1</TAGGERID>
      <COMMENT>pa</COMMENT>
    </TAG>
    <TAG>
      <PID>12621</PID>
      <TAGGERID>1</TAGGERID>
      <COMMENT>rat</COMMENT>
    </TAG>
    <TAG>
      <PID>12621</PID>
      <TAGGERID>1</TAGGERID>
      <COMMENT>ra</COMMENT>
    </TAG>
    <TAG>
      <PID>12622</PID>
      <TAGGERID>1</TAGGERID>
      <COMMENT>sam</COMMENT>
    </TAG>
    <TAG>
      <PID>12622</PID>
      <TAGGERID>1</TAGGERID>
      <COMMENT>sa</COMMENT>
    </TAG>
    <TAG>
      <PID>12623</PID>
      <TAGGERID>1</TAGGERID>
      <COMMENT>tony</COMMENT>
    </TAG>
    <TAG>
      <PID>12623</PID>
      <TAGGERID>1</TAGGERID>
      <COMMENT>ta</COMMENT>
    </TAG>
    <TAG>
      <PID>12624</PID>
      <TAGGERID>1</TAGGERID>
      <COMMENT>ui</COMMENT>
    </TAG>
    <TAG>
      <PID>12624</PID>
      <TAGGERID>1</TAGGERID>
      <COMMENT>ua</COMMENT>
    </TAG>
    <TAG>
      <PID>12604</PID>
      <TAGGERID>1</TAGGERID>
      <COMMENT>zach</COMMENT>
    </TAG>
    <TAG>
      <PID>12604</PID>
      <TAGGERID>1</TAGGERID>
      <COMMENT>ives</COMMENT>
    </TAG>
(: TODO, fake grabbing privacies that don't exist' :)
  
</ENTRIES>
</DB>