<?xml version="1.0" encoding="UTF-8"?>
<DB>
  <ENTRIES>
    <USER>
      <ID>18001</ID>
      <FNAME>Mingyu</FNAME>
      <LNAME>Liu</LNAME>
      <BDAY>1987</BDAY>
      <EMAIL>mingyu.liu@upenn.edu</EMAIL>
      <GENDER>M</GENDER>
      <ADDRESS/>
      <PW>yu</PW>
    </USER>
    <USER>
      <ID>18002</ID>
      <FNAME>Shi</FNAME>
      <LNAME>He</LNAME>
      <BDAY>1991</BDAY>
      <EMAIL>shi.he@upenn.edu</EMAIL>
      <GENDER>F</GENDER>
      <ADDRESS/>
      <PW>shi</PW>
    </USER>
    <USER>
      <ID>18003</ID>
      <FNAME>Jingwen</FNAME>
      <LNAME>Yang</LNAME>
      <BDAY>1991</BDAY>
      <EMAIL>jingwen.yang@upenn.edu</EMAIL>
      <GENDER>F</GENDER>
      <ADDRESS/>
      <PW>wen</PW>
    </USER>
    <USER>
      <ID>18004</ID>
      <FNAME>Chao</FNAME>
      <LNAME>Zhang</LNAME>
      <BDAY>1987</BDAY>
      <EMAIL>chao.zhang@upenn.edu</EMAIL>
      <GENDER>M</GENDER>
      <ADDRESS/>
      <PW>chao</PW>
    </USER>
    <USER>
      <ID>18006</ID>
      <FNAME>Zhepeng</FNAME>
      <LNAME>Yan</LNAME>
      <BDAY>1986</BDAY>
      <EMAIL>zhepeng.yan@upenn.edu</EMAIL>
      <GENDER>M</GENDER>
      <ADDRESS/>
      <PW>peng</PW>
    </USER>
    <USER>
      <ID>18012</ID>
      <FNAME>Michael</FNAME>
      <LNAME>Jordan</LNAME>
      <BDAY>1957</BDAY>
      <EMAIL>michael.jordan@upenn.edu</EMAIL>
      <GENDER>M</GENDER>
      <ADDRESS/>
      <PW>jeffrey</PW>
    </USER>
    <USER>
      <ID>18013</ID>
      <FNAME>Condoleezza</FNAME>
      <LNAME>Rice</LNAME>
      <BDAY>1969</BDAY>
      <EMAIL>condoleezza.rice@upenn.edu</EMAIL>
      <GENDER>F</GENDER>
      <ADDRESS/>
      <PW>leezza</PW>
    </USER>
    <USER>
      <ID>18014</ID>
      <FNAME>George</FNAME>
      <LNAME>Bush</LNAME>
      <BDAY>1959</BDAY>
      <EMAIL>george.bush@upenn.edu</EMAIL>
      <GENDER>M</GENDER>
      <ADDRESS/>
      <PW>walker</PW>
    </USER>
    <USER>
      <ID>18015</ID>
      <FNAME>John</FNAME>
      <LNAME>McCain</LNAME>
      <BDAY>1939</BDAY>
      <EMAIL>john.mccain@upenn.edu</EMAIL>
      <GENDER>M</GENDER>
      <ADDRESS/>
      <PW>sidney</PW>
    </USER>
    <USER>
      <ID>18016</ID>
      <FNAME>Sarah</FNAME>
      <LNAME>Palin</LNAME>
      <BDAY>1970</BDAY>
      <EMAIL>sarah.palin@upenn.edu</EMAIL>
      <GENDER>F</GENDER>
      <ADDRESS/>
      <PW>louise</PW>
    </USER>
    <USER>
      <ID>18017</ID>
      <FNAME>Mark</FNAME>
      <LNAME>Zuckerberg</LNAME>
      <BDAY>1985</BDAY>
      <EMAIL>mark.zuckerberg@upenn.edu</EMAIL>
      <GENDER>M</GENDER>
      <ADDRESS/>
      <PW>elliot</PW>
    </USER>
    <USER>
      <ID>18018</ID>
      <FNAME>William</FNAME>
      <LNAME>Gates</LNAME>
      <BDAY>1986</BDAY>
      <EMAIL>bill.gates@upenn.edu</EMAIL>
      <GENDER>F</GENDER>
      <ADDRESS/>
      <PW>henry</PW>
    </USER>
    <USER>
      <ID>18019</ID>
      <FNAME>Steve</FNAME>
      <LNAME>Jobs</LNAME>
      <BDAY>1988</BDAY>
      <EMAIL>steve.jobs@upenn.edu</EMAIL>
      <GENDER>M</GENDER>
      <ADDRESS/>
      <PW>job</PW>
    </USER>
    <USER>
      <ID>18020</ID>
      <FNAME>Larry</FNAME>
      <LNAME>Page</LNAME>
      <BDAY>1983</BDAY>
      <EMAIL>larry.page@upenn.edu</EMAIL>
      <GENDER>M</GENDER>
      <ADDRESS/>
      <PW>arry</PW>
    </USER>
    <USER>
      <ID>18005</ID>
      <FNAME>Zachary</FNAME>
      <LNAME>Ives</LNAME>
      <BDAY>1977</BDAY>
      <EMAIL>zachary.ives@upenn.edu</EMAIL>
      <GENDER>M</GENDER>
      <ADDRESS/>
      <PW>ary</PW>
    </USER>
    <USER>
      <ID>18007</ID>
      <FNAME>Barack</FNAME>
      <LNAME>Obama</LNAME>
      <BDAY>1976</BDAY>
      <EMAIL>barack.obama@upenn.edu</EMAIL>
      <GENDER>M</GENDER>
      <ADDRESS/>
      <PW>bama</PW>
    </USER>
    <USER>
      <ID>18008</ID>
      <FNAME>Hillary</FNAME>
      <LNAME>Clinton</LNAME>
      <BDAY>1966</BDAY>
      <EMAIL>hillary.clinton@upenn.edu</EMAIL>
      <GENDER>F</GENDER>
      <ADDRESS/>
      <PW>lary</PW>
    </USER>
    <USER>
      <ID>18009</ID>
      <FNAME>Joseph</FNAME>
      <LNAME>Biden</LNAME>
      <BDAY>1946</BDAY>
      <EMAIL>joe.biden@upenn.edu</EMAIL>
      <GENDER>M</GENDER>
      <ADDRESS/>
      <PW>robinette</PW>
    </USER>
    <USER>
      <ID>18010</ID>
      <FNAME>John</FNAME>
      <LNAME>Kennedy</LNAME>
      <BDAY>1936</BDAY>
      <EMAIL>john.kennedy@upenn.edu</EMAIL>
      <GENDER>M</GENDER>
      <ADDRESS/>
      <PW>jack</PW>
    </USER>
    <USER>
      <ID>18011</ID>
      <FNAME>Dwight</FNAME>
      <LNAME>Eisenhower</LNAME>
      <BDAY>1926</BDAY>
      <EMAIL>dwight.eisenhower@upenn.edu</EMAIL>
      <GENDER>M</GENDER>
      <ADDRESS/>
      <PW>right</PW>
    </USER>
    <PROFESSOR>
      <ID>18005</ID>
      <RESEARCH>DB</RESEARCH>
      <ROOM>101</ROOM>
    </PROFESSOR>
    <PROFESSOR>
      <ID>18007</ID>
      <RESEARCH>AI</RESEARCH>
      <ROOM>102</ROOM>
    </PROFESSOR>
    <PROFESSOR>
      <ID>18008</ID>
      <RESEARCH>AI</RESEARCH>
      <ROOM>103</ROOM>
    </PROFESSOR>
    <PROFESSOR>
      <ID>18009</ID>
      <RESEARCH>DB</RESEARCH>
      <ROOM>104</ROOM>
    </PROFESSOR>
    <PROFESSOR>
      <ID>18010</ID>
      <RESEARCH>DB</RESEARCH>
      <ROOM>105</ROOM>
    </PROFESSOR>
    <PROFESSOR>
      <ID>18011</ID>
      <RESEARCH>ML</RESEARCH>
      <ROOM>106</ROOM>
    </PROFESSOR>
    <STUDENT>
      <ID>18001</ID>
      <ADVISOR>18005</ADVISOR>
      <YEAR/>
    </STUDENT>
    <STUDENT>
      <ID>18002</ID>
      <ADVISOR>18005</ADVISOR>
      <YEAR/>
    </STUDENT>
    <STUDENT>
      <ID>18003</ID>
      <ADVISOR>18005</ADVISOR>
      <YEAR/>
    </STUDENT>
    <STUDENT>
      <ID>18004</ID>
      <ADVISOR>18005</ADVISOR>
      <YEAR/>
    </STUDENT>
    <STUDENT>
      <ID>18006</ID>
      <ADVISOR>18005</ADVISOR>
      <YEAR/>
    </STUDENT>
    <STUDENT>
      <ID>18012</ID>
      <ADVISOR>18007</ADVISOR>
      <YEAR/>
    </STUDENT>
    <STUDENT>
      <ID>18013</ID>
      <ADVISOR>18008</ADVISOR>
      <YEAR/>
    </STUDENT>
    <STUDENT>
      <ID>18014</ID>
      <ADVISOR>18008</ADVISOR>
      <YEAR/>
    </STUDENT>
    <STUDENT>
      <ID>18015</ID>
      <ADVISOR>18009</ADVISOR>
      <YEAR/>
    </STUDENT>
    <STUDENT>
      <ID>18016</ID>
      <ADVISOR>18010</ADVISOR>
      <YEAR/>
    </STUDENT>
    <STUDENT>
      <ID>18017</ID>
      <ADVISOR>18010</ADVISOR>
      <YEAR/>
    </STUDENT>
    <STUDENT>
      <ID>18018</ID>
      <ADVISOR>18010</ADVISOR>
      <YEAR/>
    </STUDENT>
    <STUDENT>
      <ID>18019</ID>
      <ADVISOR>18011</ADVISOR>
      <YEAR/>
    </STUDENT>
    <STUDENT>
      <ID>18020</ID>
      <ADVISOR>18011</ADVISOR>
      <YEAR/>
    </STUDENT>
    <CIRCLE>
      <CID>180013594</CID>
      <OWNERID>18001</OWNERID>
      <CNAME>Friends</CNAME>
    </CIRCLE>
    <CIRCLE>
      <CID>180023594</CID>
      <OWNERID>18002</OWNERID>
      <CNAME>Friends</CNAME>
    </CIRCLE>
    <CIRCLE>
      <CID>180033594</CID>
      <OWNERID>18003</OWNERID>
      <CNAME>Friends</CNAME>
    </CIRCLE>
    <CIRCLE>
      <CID>180043594</CID>
      <OWNERID>18004</OWNERID>
      <CNAME>Friends</CNAME>
    </CIRCLE>
    <CIRCLE>
      <CID>180053594</CID>
      <OWNERID>18005</OWNERID>
      <CNAME>Friends</CNAME>
    </CIRCLE>
    <FRIEND>
      <FRIENDID>18002</FRIENDID>
      <CID>180013594</CID>
    </FRIEND>
    <FRIEND>
      <FRIENDID>18003</FRIENDID>
      <CID>180013594</CID>
    </FRIEND>
    <FRIEND>
      <FRIENDID>18004</FRIENDID>
      <CID>180013594</CID>
    </FRIEND>
    <FRIEND>
      <FRIENDID>18005</FRIENDID>
      <CID>180013594</CID>
    </FRIEND>
    <FRIEND>
      <FRIENDID>18007</FRIENDID>
      <CID>180023594</CID>
    </FRIEND>
    <FRIEND>
      <FRIENDID>18008</FRIENDID>
      <CID>180023594</CID>
    </FRIEND>
    <FRIEND>
      <FRIENDID>18009</FRIENDID>
      <CID>180023594</CID>
    </FRIEND>
    <FRIEND>
      <FRIENDID>18010</FRIENDID>
      <CID>180023594</CID>
    </FRIEND>
    <FRIEND>
      <FRIENDID>18011</FRIENDID>
      <CID>180023594</CID>
    </FRIEND>
    <FRIEND>
      <FRIENDID>18012</FRIENDID>
      <CID>180033594</CID>
    </FRIEND>
    <FRIEND>
      <FRIENDID>18013</FRIENDID>
      <CID>180033594</CID>
    </FRIEND>
    <FRIEND>
      <FRIENDID>18014</FRIENDID>
      <CID>180043594</CID>
    </FRIEND>
    <FRIEND>
      <FRIENDID>18015</FRIENDID>
      <CID>180043594</CID>
    </FRIEND>
    <FRIEND>
      <FRIENDID>18016</FRIENDID>
      <CID>180053594</CID>
    </FRIEND>
    <FRIEND>
      <FRIENDID>18017</FRIENDID>
      <CID>180053594</CID>
    </FRIEND>
    <FRIEND>
      <FRIENDID>18018</FRIENDID>
      <CID>180053594</CID>
    </FRIEND>
    <SCHOOL>
      <ID>18001</ID>
      <SCHOOLNAME>Penn</SCHOOLNAME>
    </SCHOOL>
    <SCHOOL>
      <ID>18002</ID>
      <SCHOOLNAME>Penn</SCHOOLNAME>
    </SCHOOL>
    <SCHOOL>
      <ID>18003</ID>
      <SCHOOLNAME>Penn</SCHOOLNAME>
    </SCHOOL>
    <SCHOOL>
      <ID>18004</ID>
      <SCHOOLNAME>Penn</SCHOOLNAME>
    </SCHOOL>
    <SCHOOL>
      <ID>18006</ID>
      <SCHOOLNAME>Penn</SCHOOLNAME>
    </SCHOOL>
    <SCHOOL>
      <ID>18012</ID>
      <SCHOOLNAME>Penn</SCHOOLNAME>
    </SCHOOL>
    <SCHOOL>
      <ID>18013</ID>
      <SCHOOLNAME>Penn</SCHOOLNAME>
    </SCHOOL>
    <SCHOOL>
      <ID>18014</ID>
      <SCHOOLNAME>Penn</SCHOOLNAME>
    </SCHOOL>
    <SCHOOL>
      <ID>18015</ID>
      <SCHOOLNAME>Penn</SCHOOLNAME>
    </SCHOOL>
    <SCHOOL>
      <ID>18016</ID>
      <SCHOOLNAME>Penn</SCHOOLNAME>
    </SCHOOL>
    <SCHOOL>
      <ID>18017</ID>
      <SCHOOLNAME>Penn</SCHOOLNAME>
    </SCHOOL>
    <SCHOOL>
      <ID>18018</ID>
      <SCHOOLNAME>Penn</SCHOOLNAME>
    </SCHOOL>
    <SCHOOL>
      <ID>18019</ID>
      <SCHOOLNAME>Penn</SCHOOLNAME>
    </SCHOOL>
    <SCHOOL>
      <ID>18020</ID>
      <SCHOOLNAME>Penn</SCHOOLNAME>
    </SCHOOL>
    <PHOTO>
      <PID>1</PID>
      <USERID>18001</USERID>
      <URL>http://upload.wikimedia.org/wikipedia/commons/4/4c/Asian_elephant_-_melbourne_zoo.jpg</URL>
      <PRIVACY>CUSTOM</PRIVACY>
    </PHOTO>
    <PHOTO>
      <PID>2</PID>
      <USERID>18001</USERID>
      <URL>http://upload.wikimedia.org/wikipedia/commons/thumb/0/08/Young_Maasai_Giraffes.jpg/200px-Young_Maasai_Giraffes.jpg</URL>
      <PRIVACY>CUSTOM</PRIVACY>
    </PHOTO>
    <PHOTO>
      <PID>3</PID>
      <USERID>18002</USERID>
      <URL>http://upload.wikimedia.org/wikipedia/commons/f/f3/Loxodontacyclotis.jpg</URL>
      <PRIVACY>CUSTOM</PRIVACY>
    </PHOTO>
    <PHOTO>
      <PID>4</PID>
      <USERID>18003</USERID>
      <URL>http://upload.wikimedia.org/wikipedia/commons/3/34/Indian_Palm_Squirrel_Portrait.jpg</URL>
      <PRIVACY>CUSTOM</PRIVACY>
    </PHOTO>
    <RATING>
      <PID>1</PID>
      <RATERID>18019</RATERID>
      <SCORE>8</SCORE>
    </RATING>
    <RATING>
      <PID>1</PID>
      <RATERID>18020</RATERID>
      <SCORE>10</SCORE>
    </RATING>
    <RATING>
      <PID>2</PID>
      <RATERID>18020</RATERID>
      <SCORE>9</SCORE>
    </RATING>
    <TAG>
      <PID>1</PID>
      <TAGGERID>18020</TAGGERID>
      <COMMENT>Animal</COMMENT>
    </TAG>
    <TAG>
      <PID>2</PID>
      <TAGGERID>18019</TAGGERID>
      <COMMENT>Animal</COMMENT>
    </TAG>
    <USERPRIV>
      <PID>4</PID>
      <ID>18001</ID>
    </USERPRIV>
    <USERPRIV>
      <PID>4</PID>
      <ID>18002</ID>
    </USERPRIV>
    <USERPRIV>
      <PID>1</PID>
      <ID>18002</ID>
    </USERPRIV>
    <USERPRIV>
      <PID>4</PID>
      <ID>18003</ID>
    </USERPRIV>
    <USERPRIV>
      <PID>1</PID>
      <ID>18003</ID>
    </USERPRIV>
    <USERPRIV>
      <PID>4</PID>
      <ID>18004</ID>
    </USERPRIV>
    <USERPRIV>
      <PID>1</PID>
      <ID>18004</ID>
    </USERPRIV>
    <USERPRIV>
      <PID>4</PID>
      <ID>18006</ID>
    </USERPRIV>
    <USERPRIV>
      <PID>4</PID>
      <ID>18012</ID>
    </USERPRIV>
    <USERPRIV>
      <PID>1</PID>
      <ID>18012</ID>
    </USERPRIV>
    <USERPRIV>
      <PID>4</PID>
      <ID>18013</ID>
    </USERPRIV>
    <USERPRIV>
      <PID>1</PID>
      <ID>18013</ID>
    </USERPRIV>
    <USERPRIV>
      <PID>4</PID>
      <ID>18014</ID>
    </USERPRIV>
    <USERPRIV>
      <PID>1</PID>
      <ID>18014</ID>
    </USERPRIV>
    <USERPRIV>
      <PID>2</PID>
      <ID>18014</ID>
    </USERPRIV>
    <USERPRIV>
      <PID>4</PID>
      <ID>18015</ID>
    </USERPRIV>
    <USERPRIV>
      <PID>2</PID>
      <ID>18015</ID>
    </USERPRIV>
    <USERPRIV>
      <PID>4</PID>
      <ID>18016</ID>
    </USERPRIV>
    <USERPRIV>
      <PID>4</PID>
      <ID>18017</ID>
    </USERPRIV>
    <USERPRIV>
      <PID>4</PID>
      <ID>18018</ID>
    </USERPRIV>
    <USERPRIV>
      <PID>3</PID>
      <ID>18018</ID>
    </USERPRIV>
    <USERPRIV>
      <PID>4</PID>
      <ID>18019</ID>
    </USERPRIV>
    <USERPRIV>
      <PID>4</PID>
      <ID>18020</ID>
    </USERPRIV>
    <USERPRIV>
      <PID>4</PID>
      <ID>18005</ID>
    </USERPRIV>
    <USERPRIV>
      <PID>1</PID>
      <ID>18005</ID>
    </USERPRIV>
    <USERPRIV>
      <PID>4</PID>
      <ID>18007</ID>
    </USERPRIV>
    <USERPRIV>
      <PID>2</PID>
      <ID>18007</ID>
    </USERPRIV>
    <USERPRIV>
      <PID>4</PID>
      <ID>18008</ID>
    </USERPRIV>
    <USERPRIV>
      <PID>2</PID>
      <ID>18008</ID>
    </USERPRIV>
    <USERPRIV>
      <PID>4</PID>
      <ID>18009</ID>
    </USERPRIV>
    <USERPRIV>
      <PID>2</PID>
      <ID>18009</ID>
    </USERPRIV>
    <USERPRIV>
      <PID>4</PID>
      <ID>18010</ID>
    </USERPRIV>
    <USERPRIV>
      <PID>2</PID>
      <ID>18010</ID>
    </USERPRIV>
    <USERPRIV>
      <PID>4</PID>
      <ID>18011</ID>
    </USERPRIV>
    <USERPRIV>
      <PID>2</PID>
      <ID>18011</ID>
    </USERPRIV>
  </ENTRIES>
</DB>