<?xml version="1.0" encoding="UTF-8"?>
<DB>
  <ENTRIES>
    <USER>
      <ID>22000</ID>
      <FNAME>Ana</FNAME>
      <LNAME>Vladan</LNAME>
      <BDAY>1965-05-11</BDAY>
      <EMAIL>Ana@email.com</EMAIL>
      <GENDER>F</GENDER>
      <ADDRESS>40 Powelton Avenue, Philadelphia, PA</ADDRESS>
      <PW>password0</PW>
    </USER>
    <USER>
      <ID>22001</ID>
      <FNAME>Arielle</FNAME>
      <LNAME>Farner</LNAME>
      <BDAY>1960-05-11</BDAY>
      <EMAIL>Arielle@email.com</EMAIL>
      <GENDER>F</GENDER>
      <ADDRESS>1330 Market Street, New York, NY</ADDRESS>
      <PW>password</PW>
    </USER>
    <USER>
      <ID>22002</ID>
      <FNAME>Matt</FNAME>
      <LNAME>Carey</LNAME>
      <BDAY>1952-07-21</BDAY>
      <EMAIL>Matt@email.com</EMAIL>
      <GENDER>M</GENDER>
      <ADDRESS>1700 Walnut Street, Jersey City, NJ</ADDRESS>
      <PW>password</PW>
    </USER>
    <USER>
      <ID>22003</ID>
      <FNAME>Rob</FNAME>
      <LNAME>Marco</LNAME>
      <BDAY>1972-05-11</BDAY>
      <EMAIL>Rob@email.com</EMAIL>
      <GENDER>F</GENDER>
      <ADDRESS>2525 Locust Street, Reston, VA</ADDRESS>
      <PW>password</PW>
    </USER>
    <USER>
      <ID>22004</ID>
      <FNAME>Nate</FNAME>
      <LNAME>Dupret</LNAME>
      <BDAY>1955-02-01</BDAY>
      <EMAIL>Nate@email.com</EMAIL>
      <GENDER>M</GENDER>
      <ADDRESS>4120 Spruce Street, Pittsburg, PA</ADDRESS>
      <PW>password</PW>
    </USER>
    <USER>
      <ID>22005</ID>
      <FNAME>Aditya</FNAME>
      <LNAME>Minocha</LNAME>
      <BDAY>1988-06-28</BDAY>
      <EMAIL>Aditya@email.com</EMAIL>
      <GENDER>M</GENDER>
      <ADDRESS>3930 Pine Street, San Francisco, CA</ADDRESS>
      <PW>password</PW>
    </USER>
    <USER>
      <ID>22006</ID>
      <FNAME>Brinda</FNAME>
      <LNAME>Desai</LNAME>
      <BDAY>1989-12-12</BDAY>
      <EMAIL>Brinda@email.com</EMAIL>
      <GENDER>F</GENDER>
      <ADDRESS>4100 Baltimore Avenue, San Diego, CA</ADDRESS>
      <PW>password</PW>
    </USER>
    <USER>
      <ID>22007</ID>
      <FNAME>Anand</FNAME>
      <LNAME>Thakkar</LNAME>
      <BDAY>1988-09-28</BDAY>
      <EMAIL>Anand@email.com</EMAIL>
      <GENDER>M</GENDER>
      <ADDRESS>4200 Chester Avenue, Santa Barbara, CA</ADDRESS>
      <PW>password</PW>
    </USER>
    <USER>
      <ID>22008</ID>
      <FNAME>Bhavik</FNAME>
      <LNAME>Shah</LNAME>
      <BDAY>1988-06-30</BDAY>
      <EMAIL>Bhavik@email.com</EMAIL>
      <GENDER>M</GENDER>
      <ADDRESS>1313 Levine Hall, Los Angeles, CA</ADDRESS>
      <PW>password</PW>
    </USER>
    <USER>
      <ID>22009</ID>
      <FNAME>Vishal</FNAME>
      <LNAME>Patel</LNAME>
      <BDAY>1988-11-24</BDAY>
      <EMAIL>Vishal@email.com</EMAIL>
      <GENDER>M</GENDER>
      <ADDRESS>543 Lincoln Drive,Seattle, WA</ADDRESS>
      <PW>password</PW>
    </USER>
    <USER>
      <ID>22010</ID>
      <FNAME>Xao</FNAME>
      <LNAME>Lee</LNAME>
      <BDAY>1975-01-01</BDAY>
      <EMAIL>Xao@email.com</EMAIL>
      <GENDER>M</GENDER>
      <ADDRESS>389 WestDrive, Philadelphia, PA</ADDRESS>
      <PW>password</PW>
    </USER>
    <USER>
      <ID>22011</ID>
      <FNAME>Yao</FNAME>
      <LNAME>Ming</LNAME>
      <BDAY>1965-01-01</BDAY>
      <EMAIL>Yao@email.com</EMAIL>
      <GENDER>M</GENDER>
      <ADDRESS>4545 Baltimore Avenue, New York, NY</ADDRESS>
      <PW>password</PW>
    </USER>
    <USER>
      <ID>22012</ID>
      <FNAME>Xing</FNAME>
      <LNAME>Chen</LNAME>
      <BDAY>1975-02-06</BDAY>
      <EMAIL>Xing@email.com</EMAIL>
      <GENDER>F</GENDER>
      <ADDRESS>159 Westlakes Drive, Jersey City, NJ</ADDRESS>
      <PW>password</PW>
    </USER>
    <USER>
      <ID>22013</ID>
      <FNAME>Ming</FNAME>
      <LNAME>Wang</LNAME>
      <BDAY>1978-02-09</BDAY>
      <EMAIL>Ming@email.com</EMAIL>
      <GENDER>F</GENDER>
      <ADDRESS>334 Southpoint Drive, Reston, VA</ADDRESS>
      <PW>password</PW>
    </USER>
    <USER>
      <ID>22014</ID>
      <FNAME>Chao</FNAME>
      <LNAME>Lau</LNAME>
      <BDAY>1980-11-29</BDAY>
      <EMAIL>Chao@email.com</EMAIL>
      <GENDER>M</GENDER>
      <ADDRESS>1990 Woodland Avenue, Pittsburg, PA</ADDRESS>
      <PW>password</PW>
    </USER>
    <USER>
      <ID>22015</ID>
      <FNAME>Akshay</FNAME>
      <LNAME>Kumar</LNAME>
      <BDAY>1970-09-23</BDAY>
      <EMAIL>Akshay@email.com</EMAIL>
      <GENDER>M</GENDER>
      <ADDRESS>4356 Pointe Circle, San Francisco, CA</ADDRESS>
      <PW>password</PW>
    </USER>
    <USER>
      <ID>22016</ID>
      <FNAME>Hrithik</FNAME>
      <LNAME>Roshan</LNAME>
      <BDAY>1978-05-02</BDAY>
      <EMAIL>Hrithik@email.com</EMAIL>
      <GENDER>M</GENDER>
      <ADDRESS>43 Pine Arms Avenue, San Diego, CA</ADDRESS>
      <PW>password</PW>
    </USER>
    <USER>
      <ID>22017</ID>
      <FNAME>Aishwarya</FNAME>
      <LNAME>Rai</LNAME>
      <BDAY>1975-11-04</BDAY>
      <EMAIL>Aishwarya@email.com</EMAIL>
      <GENDER>M</GENDER>
      <ADDRESS>1799 Market Street, Santa Barbara, CA</ADDRESS>
      <PW>password</PW>
    </USER>
    <USER>
      <ID>22018</ID>
      <FNAME>Katrina</FNAME>
      <LNAME>Kaif</LNAME>
      <BDAY>1982-03-12</BDAY>
      <EMAIL>Katrina@email.com</EMAIL>
      <GENDER>F</GENDER>
      <ADDRESS>142 Spruce Street, Los Angeles, CA</ADDRESS>
      <PW>password</PW>
    </USER>
    <USER>
      <ID>22019</ID>
      <FNAME>Salman</FNAME>
      <LNAME>Khan</LNAME>
      <BDAY>1964-03-10</BDAY>
      <EMAIL>Salman@email.com</EMAIL>
      <GENDER>M</GENDER>
      <ADDRESS>1500 Walnut Street, Seattle, WA </ADDRESS>
      <PW>password</PW>
    </USER>
    <PROFESSOR>
      <ID>22000</ID>
      <RESEARCH>Database</RESEARCH>
      <ROOM>GRW 316</ROOM>
    </PROFESSOR>
    <PROFESSOR>
      <ID>22001</ID>
      <RESEARCH>Algorithm</RESEARCH>
      <ROOM>LMR 12</ROOM>
    </PROFESSOR>
    <PROFESSOR>
      <ID>22002</ID>
      <RESEARCH>Machine Learning</RESEARCH>
      <ROOM>LEV 445</ROOM>
    </PROFESSOR>
    <PROFESSOR>
      <ID>22003</ID>
      <RESEARCH>Robotics</RESEARCH>
      <ROOM>LEV 45</ROOM>
    </PROFESSOR>
    <PROFESSOR>
      <ID>22004</ID>
      <RESEARCH>Wireless Networks</RESEARCH>
      <ROOM>VAN 12</ROOM>
    </PROFESSOR>
    <PROFESSOR>
      <ID>22010</ID>
      <RESEARCH>TOC</RESEARCH>
      <ROOM>BRB 90</ROOM>
    </PROFESSOR>
    <PROFESSOR>
      <ID>22011</ID>
      <RESEARCH>Chemical</RESEARCH>
      <ROOM>KLI 234</ROOM>
    </PROFESSOR>
    <PROFESSOR>
      <ID>22012</ID>
      <RESEARCH>Mathematics</RESEARCH>
      <ROOM>GRW 456</ROOM>
    </PROFESSOR>
    <PROFESSOR>
      <ID>22013</ID>
      <RESEARCH>Software Systems</RESEARCH>
      <ROOM>MKR 65</ROOM>
    </PROFESSOR>
    <PROFESSOR>
      <ID>22014</ID>
      <RESEARCH>AI</RESEARCH>
      <ROOM>FGR 123</ROOM>
    </PROFESSOR>
    <STUDENT>
      <ID>22005</ID>
      <ADVISOR>22000</ADVISOR>
      <YEAR>5</YEAR>
    </STUDENT>
    <STUDENT>
      <ID>22006</ID>
      <ADVISOR>22001</ADVISOR>
      <YEAR>4</YEAR>
    </STUDENT>
    <STUDENT>
      <ID>22007</ID>
      <ADVISOR>22002</ADVISOR>
      <YEAR>2</YEAR>
    </STUDENT>
    <STUDENT>
      <ID>22008</ID>
      <ADVISOR>22003</ADVISOR>
      <YEAR>2</YEAR>
    </STUDENT>
    <STUDENT>
      <ID>22009</ID>
      <ADVISOR>22004</ADVISOR>
      <YEAR>3</YEAR>
    </STUDENT>
    <STUDENT>
      <ID>22010</ID>
      <ADVISOR>22011</ADVISOR>
      <YEAR>4</YEAR>
    </STUDENT>
    <STUDENT>
      <ID>22012</ID>
      <ADVISOR>22013</ADVISOR>
      <YEAR>3</YEAR>
    </STUDENT>
    <STUDENT>
      <ID>22014</ID>
      <ADVISOR>22013</ADVISOR>
      <YEAR>2</YEAR>
    </STUDENT>
    <CIRCLE>
      <CID>22000</CID>
      <OWNERID>22000</OWNERID>
      <CNAME>University</CNAME>
    </CIRCLE>
    <CIRCLE>
      <CID>22001</CID>
      <OWNERID>22000</OWNERID>
      <CNAME>University</CNAME>
    </CIRCLE>
    <CIRCLE>
      <CID>22002</CID>
      <OWNERID>22000</OWNERID>
      <CNAME>Neighbors</CNAME>
    </CIRCLE>
    <CIRCLE>
      <CID>22003</CID>
      <OWNERID>22001</OWNERID>
      <CNAME>University</CNAME>
    </CIRCLE>
    <CIRCLE>
      <CID>22004</CID>
      <OWNERID>22001</OWNERID>
      <CNAME>University</CNAME>
    </CIRCLE>
    <CIRCLE>
      <CID>22005</CID>
      <OWNERID>22001</OWNERID>
      <CNAME>Neighbors</CNAME>
    </CIRCLE>
    <CIRCLE>
      <CID>22006</CID>
      <OWNERID>22002</OWNERID>
      <CNAME>University</CNAME>
    </CIRCLE>
    <CIRCLE>
      <CID>22007</CID>
      <OWNERID>22002</OWNERID>
      <CNAME>University</CNAME>
    </CIRCLE>
    <CIRCLE>
      <CID>22008</CID>
      <OWNERID>22002</OWNERID>
      <CNAME>Neighbors</CNAME>
    </CIRCLE>
    <CIRCLE>
      <CID>22009</CID>
      <OWNERID>22003</OWNERID>
      <CNAME>University</CNAME>
    </CIRCLE>
    <CIRCLE>
      <CID>22010</CID>
      <OWNERID>22003</OWNERID>
      <CNAME>University</CNAME>
    </CIRCLE>
    <CIRCLE>
      <CID>22011</CID>
      <OWNERID>22003</OWNERID>
      <CNAME>Neighbors</CNAME>
    </CIRCLE>
    <CIRCLE>
      <CID>22012</CID>
      <OWNERID>22004</OWNERID>
      <CNAME>University</CNAME>
    </CIRCLE>
    <CIRCLE>
      <CID>22013</CID>
      <OWNERID>22004</OWNERID>
      <CNAME>University</CNAME>
    </CIRCLE>
    <CIRCLE>
      <CID>22014</CID>
      <OWNERID>22004</OWNERID>
      <CNAME>Neighbors</CNAME>
    </CIRCLE>
    <CIRCLE>
      <CID>22015</CID>
      <OWNERID>22005</OWNERID>
      <CNAME>default_22005</CNAME>
    </CIRCLE>
    <CIRCLE>
      <CID>22016</CID>
      <OWNERID>22005</OWNERID>
      <CNAME>family</CNAME>
    </CIRCLE>
    <CIRCLE>
      <CID>22017</CID>
      <OWNERID>22005</OWNERID>
      <CNAME>students</CNAME>
    </CIRCLE>
    <CIRCLE>
      <CID>22018</CID>
      <OWNERID>22006</OWNERID>
      <CNAME>default_22006</CNAME>
    </CIRCLE>
    <CIRCLE>
      <CID>22019</CID>
      <OWNERID>22006</OWNERID>
      <CNAME>upenn</CNAME>
    </CIRCLE>
    <CIRCLE>
      <CID>22020</CID>
      <OWNERID>22006</OWNERID>
      <CNAME>neighbors</CNAME>
    </CIRCLE>
    <CIRCLE>
      <CID>22021</CID>
      <OWNERID>22007</OWNERID>
      <CNAME>default_22007</CNAME>
    </CIRCLE>
    <CIRCLE>
      <CID>22022</CID>
      <OWNERID>22007</OWNERID>
      <CNAME>friends</CNAME>
    </CIRCLE>
    <CIRCLE>
      <CID>22023</CID>
      <OWNERID>22007</OWNERID>
      <CNAME>neighbors</CNAME>
    </CIRCLE>
    <CIRCLE>
      <CID>22024</CID>
      <OWNERID>22008</OWNERID>
      <CNAME>default_22008</CNAME>
    </CIRCLE>
    <CIRCLE>
      <CID>22025</CID>
      <OWNERID>22008</OWNERID>
      <CNAME>relations</CNAME>
    </CIRCLE>
    <CIRCLE>
      <CID>22026</CID>
      <OWNERID>22008</OWNERID>
      <CNAME>friends</CNAME>
    </CIRCLE>
    <CIRCLE>
      <CID>22027</CID>
      <OWNERID>22009</OWNERID>
      <CNAME>default_22009</CNAME>
    </CIRCLE>
    <CIRCLE>
      <CID>22028</CID>
      <OWNERID>22009</OWNERID>
      <CNAME>town</CNAME>
    </CIRCLE>
    <CIRCLE>
      <CID>22029</CID>
      <OWNERID>22009</OWNERID>
      <CNAME>family</CNAME>
    </CIRCLE>
    <CIRCLE>
      <CID>22031</CID>
      <OWNERID>22010</OWNERID>
      <CNAME>default_22010</CNAME>
    </CIRCLE>
    <CIRCLE>
      <CID>22032</CID>
      <OWNERID>22010</OWNERID>
      <CNAME>collegues</CNAME>
    </CIRCLE>
    <CIRCLE>
      <CID>22033</CID>
      <OWNERID>22010</OWNERID>
      <CNAME>mit</CNAME>
    </CIRCLE>
    <CIRCLE>
      <CID>22034</CID>
      <OWNERID>22011</OWNERID>
      <CNAME>default_22011</CNAME>
    </CIRCLE>
    <CIRCLE>
      <CID>22035</CID>
      <OWNERID>22011</OWNERID>
      <CNAME>upenn</CNAME>
    </CIRCLE>
    <CIRCLE>
      <CID>22036</CID>
      <OWNERID>22011</OWNERID>
      <CNAME>friends</CNAME>
    </CIRCLE>
    <CIRCLE>
      <CID>22037</CID>
      <OWNERID>22012</OWNERID>
      <CNAME>default_22012</CNAME>
    </CIRCLE>
    <CIRCLE>
      <CID>22038</CID>
      <OWNERID>22012</OWNERID>
      <CNAME>relations</CNAME>
    </CIRCLE>
    <CIRCLE>
      <CID>22039</CID>
      <OWNERID>22012</OWNERID>
      <CNAME>university</CNAME>
    </CIRCLE>
    <CIRCLE>
      <CID>22040</CID>
      <OWNERID>22013</OWNERID>
      <CNAME>default_22013</CNAME>
    </CIRCLE>
    <CIRCLE>
      <CID>22041</CID>
      <OWNERID>22013</OWNERID>
      <CNAME>school</CNAME>
    </CIRCLE>
    <CIRCLE>
      <CID>22042</CID>
      <OWNERID>22013</OWNERID>
      <CNAME>neighbors</CNAME>
    </CIRCLE>
    <CIRCLE>
      <CID>22043</CID>
      <OWNERID>22014</OWNERID>
      <CNAME>default_22014</CNAME>
    </CIRCLE>
    <CIRCLE>
      <CID>22044</CID>
      <OWNERID>22014</OWNERID>
      <CNAME>friends</CNAME>
    </CIRCLE>
    <CIRCLE>
      <CID>22045</CID>
      <OWNERID>22014</OWNERID>
      <CNAME>collegues</CNAME>
    </CIRCLE>
    <CIRCLE>
      <CID>22046</CID>
      <OWNERID>22015</OWNERID>
      <CNAME>default_22015</CNAME>
    </CIRCLE>
    <CIRCLE>
      <CID>22047</CID>
      <OWNERID>22015</OWNERID>
      <CNAME>friends</CNAME>
    </CIRCLE>
    <CIRCLE>
      <CID>22048</CID>
      <OWNERID>22016</OWNERID>
      <CNAME>default_22016</CNAME>
    </CIRCLE>
    <CIRCLE>
      <CID>22049</CID>
      <OWNERID>22016</OWNERID>
      <CNAME>stars</CNAME>
    </CIRCLE>
    <CIRCLE>
      <CID>22050</CID>
      <OWNERID>22017</OWNERID>
      <CNAME>default_22017</CNAME>
    </CIRCLE>
    <CIRCLE>
      <CID>22051</CID>
      <OWNERID>22017</OWNERID>
      <CNAME>neighbors</CNAME>
    </CIRCLE>
    <CIRCLE>
      <CID>22052</CID>
      <OWNERID>22018</OWNERID>
      <CNAME>default_22018</CNAME>
    </CIRCLE>
    <CIRCLE>
      <CID>22053</CID>
      <OWNERID>22018</OWNERID>
      <CNAME>collegues</CNAME>
    </CIRCLE>
    <CIRCLE>
      <CID>22054</CID>
      <OWNERID>22019</OWNERID>
      <CNAME>default_22019</CNAME>
    </CIRCLE>
    <CIRCLE>
      <CID>22055</CID>
      <OWNERID>22019</OWNERID>
      <CNAME>friends</CNAME>
    </CIRCLE>
    <FRIEND>
      <FRIENDID>22001</FRIENDID>
      <CID>22000</CID>
    </FRIEND>
    <FRIEND>
      <FRIENDID>22002</FRIENDID>
      <CID>22000</CID>
    </FRIEND>
    <FRIEND>
      <FRIENDID>22003</FRIENDID>
      <CID>22000</CID>
    </FRIEND>
    <FRIEND>
      <FRIENDID>22004</FRIENDID>
      <CID>22000</CID>
    </FRIEND>
    <FRIEND>
      <FRIENDID>22001</FRIENDID>
      <CID>22001</CID>
    </FRIEND>
    <FRIEND>
      <FRIENDID>22002</FRIENDID>
      <CID>22001</CID>
    </FRIEND>
    <FRIEND>
      <FRIENDID>22003</FRIENDID>
      <CID>22002</CID>
    </FRIEND>
    <FRIEND>
      <FRIENDID>22004</FRIENDID>
      <CID>22002</CID>
    </FRIEND>
    <FRIEND>
      <FRIENDID>22000</FRIENDID>
      <CID>22003</CID>
    </FRIEND>
    <FRIEND>
      <FRIENDID>22002</FRIENDID>
      <CID>22003</CID>
    </FRIEND>
    <FRIEND>
      <FRIENDID>22003</FRIENDID>
      <CID>22003</CID>
    </FRIEND>
    <FRIEND>
      <FRIENDID>22004</FRIENDID>
      <CID>22003</CID>
    </FRIEND>
    <FRIEND>
      <FRIENDID>22000</FRIENDID>
      <CID>22004</CID>
    </FRIEND>
    <FRIEND>
      <FRIENDID>22002</FRIENDID>
      <CID>22004</CID>
    </FRIEND>
    <FRIEND>
      <FRIENDID>22003</FRIENDID>
      <CID>22005</CID>
    </FRIEND>
    <FRIEND>
      <FRIENDID>22004</FRIENDID>
      <CID>22005</CID>
    </FRIEND>
    <FRIEND>
      <FRIENDID>22001</FRIENDID>
      <CID>22006</CID>
    </FRIEND>
    <FRIEND>
      <FRIENDID>22000</FRIENDID>
      <CID>22006</CID>
    </FRIEND>
    <FRIEND>
      <FRIENDID>22003</FRIENDID>
      <CID>22006</CID>
    </FRIEND>
    <FRIEND>
      <FRIENDID>22004</FRIENDID>
      <CID>22006</CID>
    </FRIEND>
    <FRIEND>
      <FRIENDID>22000</FRIENDID>
      <CID>22007</CID>
    </FRIEND>
    <FRIEND>
      <FRIENDID>22001</FRIENDID>
      <CID>22007</CID>
    </FRIEND>
    <FRIEND>
      <FRIENDID>22003</FRIENDID>
      <CID>22008</CID>
    </FRIEND>
    <FRIEND>
      <FRIENDID>22004</FRIENDID>
      <CID>22008</CID>
    </FRIEND>
    <FRIEND>
      <FRIENDID>22001</FRIENDID>
      <CID>22009</CID>
    </FRIEND>
    <FRIEND>
      <FRIENDID>22002</FRIENDID>
      <CID>22009</CID>
    </FRIEND>
    <FRIEND>
      <FRIENDID>22000</FRIENDID>
      <CID>22009</CID>
    </FRIEND>
    <FRIEND>
      <FRIENDID>22004</FRIENDID>
      <CID>22009</CID>
    </FRIEND>
    <FRIEND>
      <FRIENDID>22001</FRIENDID>
      <CID>22010</CID>
    </FRIEND>
    <FRIEND>
      <FRIENDID>22002</FRIENDID>
      <CID>22010</CID>
    </FRIEND>
    <FRIEND>
      <FRIENDID>22000</FRIENDID>
      <CID>22011</CID>
    </FRIEND>
    <FRIEND>
      <FRIENDID>22004</FRIENDID>
      <CID>22011</CID>
    </FRIEND>
    <FRIEND>
      <FRIENDID>22001</FRIENDID>
      <CID>22012</CID>
    </FRIEND>
    <FRIEND>
      <FRIENDID>22002</FRIENDID>
      <CID>22012</CID>
    </FRIEND>
    <FRIEND>
      <FRIENDID>22003</FRIENDID>
      <CID>22012</CID>
    </FRIEND>
    <FRIEND>
      <FRIENDID>22000</FRIENDID>
      <CID>22012</CID>
    </FRIEND>
    <FRIEND>
      <FRIENDID>22001</FRIENDID>
      <CID>22013</CID>
    </FRIEND>
    <FRIEND>
      <FRIENDID>22002</FRIENDID>
      <CID>22013</CID>
    </FRIEND>
    <FRIEND>
      <FRIENDID>22003</FRIENDID>
      <CID>22014</CID>
    </FRIEND>
    <FRIEND>
      <FRIENDID>22000</FRIENDID>
      <CID>22014</CID>
    </FRIEND>
    <FRIEND>
      <FRIENDID>22005</FRIENDID>
      <CID>22014</CID>
    </FRIEND>
    <FRIEND>
      <FRIENDID>22006</FRIENDID>
      <CID>22015</CID>
    </FRIEND>
    <FRIEND>
      <FRIENDID>22007</FRIENDID>
      <CID>22015</CID>
    </FRIEND>
    <FRIEND>
      <FRIENDID>22008</FRIENDID>
      <CID>22015</CID>
    </FRIEND>
    <FRIEND>
      <FRIENDID>22009</FRIENDID>
      <CID>22015</CID>
    </FRIEND>
    <FRIEND>
      <FRIENDID>22004</FRIENDID>
      <CID>22015</CID>
    </FRIEND>
    <FRIEND>
      <FRIENDID>22006</FRIENDID>
      <CID>22016</CID>
    </FRIEND>
    <FRIEND>
      <FRIENDID>22007</FRIENDID>
      <CID>22016</CID>
    </FRIEND>
    <FRIEND>
      <FRIENDID>22004</FRIENDID>
      <CID>22016</CID>
    </FRIEND>
    <FRIEND>
      <FRIENDID>22008</FRIENDID>
      <CID>22017</CID>
    </FRIEND>
    <FRIEND>
      <FRIENDID>22009</FRIENDID>
      <CID>22017</CID>
    </FRIEND>
    <FRIEND>
      <FRIENDID>22005</FRIENDID>
      <CID>22018</CID>
    </FRIEND>
    <FRIEND>
      <FRIENDID>22007</FRIENDID>
      <CID>22018</CID>
    </FRIEND>
    <FRIEND>
      <FRIENDID>22008</FRIENDID>
      <CID>22018</CID>
    </FRIEND>
    <FRIEND>
      <FRIENDID>22009</FRIENDID>
      <CID>22018</CID>
    </FRIEND>
    <FRIEND>
      <FRIENDID>22005</FRIENDID>
      <CID>22019</CID>
    </FRIEND>
    <FRIEND>
      <FRIENDID>22007</FRIENDID>
      <CID>22019</CID>
    </FRIEND>
    <FRIEND>
      <FRIENDID>22008</FRIENDID>
      <CID>22020</CID>
    </FRIEND>
    <FRIEND>
      <FRIENDID>22009</FRIENDID>
      <CID>22020</CID>
    </FRIEND>
    <FRIEND>
      <FRIENDID>22006</FRIENDID>
      <CID>22021</CID>
    </FRIEND>
    <FRIEND>
      <FRIENDID>22005</FRIENDID>
      <CID>22021</CID>
    </FRIEND>
    <FRIEND>
      <FRIENDID>22008</FRIENDID>
      <CID>22021</CID>
    </FRIEND>
    <FRIEND>
      <FRIENDID>22009</FRIENDID>
      <CID>22021</CID>
    </FRIEND>
    <FRIEND>
      <FRIENDID>22006</FRIENDID>
      <CID>22022</CID>
    </FRIEND>
    <FRIEND>
      <FRIENDID>22005</FRIENDID>
      <CID>22022</CID>
    </FRIEND>
    <FRIEND>
      <FRIENDID>22008</FRIENDID>
      <CID>22023</CID>
    </FRIEND>
    <FRIEND>
      <FRIENDID>22009</FRIENDID>
      <CID>22023</CID>
    </FRIEND>
    <FRIEND>
      <FRIENDID>22006</FRIENDID>
      <CID>22024</CID>
    </FRIEND>
    <FRIEND>
      <FRIENDID>22007</FRIENDID>
      <CID>22024</CID>
    </FRIEND>
    <FRIEND>
      <FRIENDID>22005</FRIENDID>
      <CID>22024</CID>
    </FRIEND>
    <FRIEND>
      <FRIENDID>22009</FRIENDID>
      <CID>22024</CID>
    </FRIEND>
    <FRIEND>
      <FRIENDID>22006</FRIENDID>
      <CID>22025</CID>
    </FRIEND>
    <FRIEND>
      <FRIENDID>22007</FRIENDID>
      <CID>22025</CID>
    </FRIEND>
    <FRIEND>
      <FRIENDID>22005</FRIENDID>
      <CID>22026</CID>
    </FRIEND>
    <FRIEND>
      <FRIENDID>22009</FRIENDID>
      <CID>22026</CID>
    </FRIEND>
    <FRIEND>
      <FRIENDID>22006</FRIENDID>
      <CID>22027</CID>
    </FRIEND>
    <FRIEND>
      <FRIENDID>22007</FRIENDID>
      <CID>22027</CID>
    </FRIEND>
    <FRIEND>
      <FRIENDID>22008</FRIENDID>
      <CID>22027</CID>
    </FRIEND>
    <FRIEND>
      <FRIENDID>22005</FRIENDID>
      <CID>22027</CID>
    </FRIEND>
    <FRIEND>
      <FRIENDID>22010</FRIENDID>
      <CID>22027</CID>
    </FRIEND>
    <FRIEND>
      <FRIENDID>22006</FRIENDID>
      <CID>22028</CID>
    </FRIEND>
    <FRIEND>
      <FRIENDID>22007</FRIENDID>
      <CID>22028</CID>
    </FRIEND>
    <FRIEND>
      <FRIENDID>22008</FRIENDID>
      <CID>22029</CID>
    </FRIEND>
    <FRIEND>
      <FRIENDID>22005</FRIENDID>
      <CID>22029</CID>
    </FRIEND>
    <FRIEND>
      <FRIENDID>22010</FRIENDID>
      <CID>22029</CID>
    </FRIEND>
    <FRIEND>
      <FRIENDID>22011</FRIENDID>
      <CID>22031</CID>
    </FRIEND>
    <FRIEND>
      <FRIENDID>22012</FRIENDID>
      <CID>22031</CID>
    </FRIEND>
    <FRIEND>
      <FRIENDID>22013</FRIENDID>
      <CID>22031</CID>
    </FRIEND>
    <FRIEND>
      <FRIENDID>22014</FRIENDID>
      <CID>22031</CID>
    </FRIEND>
    <FRIEND>
      <FRIENDID>22009</FRIENDID>
      <CID>22031</CID>
    </FRIEND>
    <FRIEND>
      <FRIENDID>22011</FRIENDID>
      <CID>22032</CID>
    </FRIEND>
    <FRIEND>
      <FRIENDID>22012</FRIENDID>
      <CID>22032</CID>
    </FRIEND>
    <FRIEND>
      <FRIENDID>22013</FRIENDID>
      <CID>22033</CID>
    </FRIEND>
    <FRIEND>
      <FRIENDID>22014</FRIENDID>
      <CID>22033</CID>
    </FRIEND>
    <FRIEND>
      <FRIENDID>22010</FRIENDID>
      <CID>22034</CID>
    </FRIEND>
    <FRIEND>
      <FRIENDID>22012</FRIENDID>
      <CID>22034</CID>
    </FRIEND>
    <FRIEND>
      <FRIENDID>22013</FRIENDID>
      <CID>22034</CID>
    </FRIEND>
    <FRIEND>
      <FRIENDID>22014</FRIENDID>
      <CID>22034</CID>
    </FRIEND>
    <FRIEND>
      <FRIENDID>22010</FRIENDID>
      <CID>22035</CID>
    </FRIEND>
    <FRIEND>
      <FRIENDID>22012</FRIENDID>
      <CID>22035</CID>
    </FRIEND>
    <FRIEND>
      <FRIENDID>22013</FRIENDID>
      <CID>22036</CID>
    </FRIEND>
    <FRIEND>
      <FRIENDID>22014</FRIENDID>
      <CID>22036</CID>
    </FRIEND>
    <FRIEND>
      <FRIENDID>22011</FRIENDID>
      <CID>22037</CID>
    </FRIEND>
    <FRIEND>
      <FRIENDID>22010</FRIENDID>
      <CID>22037</CID>
    </FRIEND>
    <FRIEND>
      <FRIENDID>22013</FRIENDID>
      <CID>22037</CID>
    </FRIEND>
    <FRIEND>
      <FRIENDID>22014</FRIENDID>
      <CID>22037</CID>
    </FRIEND>
    <FRIEND>
      <FRIENDID>22011</FRIENDID>
      <CID>22038</CID>
    </FRIEND>
    <FRIEND>
      <FRIENDID>22010</FRIENDID>
      <CID>22038</CID>
    </FRIEND>
    <FRIEND>
      <FRIENDID>22013</FRIENDID>
      <CID>22039</CID>
    </FRIEND>
    <FRIEND>
      <FRIENDID>22014</FRIENDID>
      <CID>22039</CID>
    </FRIEND>
    <FRIEND>
      <FRIENDID>22011</FRIENDID>
      <CID>22040</CID>
    </FRIEND>
    <FRIEND>
      <FRIENDID>22012</FRIENDID>
      <CID>22040</CID>
    </FRIEND>
    <FRIEND>
      <FRIENDID>22010</FRIENDID>
      <CID>22040</CID>
    </FRIEND>
    <FRIEND>
      <FRIENDID>22014</FRIENDID>
      <CID>22040</CID>
    </FRIEND>
    <FRIEND>
      <FRIENDID>22011</FRIENDID>
      <CID>22041</CID>
    </FRIEND>
    <FRIEND>
      <FRIENDID>22012</FRIENDID>
      <CID>22041</CID>
    </FRIEND>
    <FRIEND>
      <FRIENDID>22010</FRIENDID>
      <CID>22042</CID>
    </FRIEND>
    <FRIEND>
      <FRIENDID>22014</FRIENDID>
      <CID>22042</CID>
    </FRIEND>
    <FRIEND>
      <FRIENDID>22011</FRIENDID>
      <CID>22043</CID>
    </FRIEND>
    <FRIEND>
      <FRIENDID>22012</FRIENDID>
      <CID>22043</CID>
    </FRIEND>
    <FRIEND>
      <FRIENDID>22013</FRIENDID>
      <CID>22043</CID>
    </FRIEND>
    <FRIEND>
      <FRIENDID>22010</FRIENDID>
      <CID>22043</CID>
    </FRIEND>
    <FRIEND>
      <FRIENDID>22015</FRIENDID>
      <CID>22043</CID>
    </FRIEND>
    <FRIEND>
      <FRIENDID>22011</FRIENDID>
      <CID>22044</CID>
    </FRIEND>
    <FRIEND>
      <FRIENDID>22012</FRIENDID>
      <CID>22044</CID>
    </FRIEND>
    <FRIEND>
      <FRIENDID>22015</FRIENDID>
      <CID>22044</CID>
    </FRIEND>
    <FRIEND>
      <FRIENDID>22013</FRIENDID>
      <CID>22045</CID>
    </FRIEND>
    <FRIEND>
      <FRIENDID>22010</FRIENDID>
      <CID>22045</CID>
    </FRIEND>
    <FRIEND>
      <FRIENDID>22016</FRIENDID>
      <CID>22046</CID>
    </FRIEND>
    <FRIEND>
      <FRIENDID>22017</FRIENDID>
      <CID>22046</CID>
    </FRIEND>
    <FRIEND>
      <FRIENDID>22018</FRIENDID>
      <CID>22046</CID>
    </FRIEND>
    <FRIEND>
      <FRIENDID>22019</FRIENDID>
      <CID>22046</CID>
    </FRIEND>
    <FRIEND>
      <FRIENDID>22014</FRIENDID>
      <CID>22046</CID>
    </FRIEND>
    <FRIEND>
      <FRIENDID>22016</FRIENDID>
      <CID>22047</CID>
    </FRIEND>
    <FRIEND>
      <FRIENDID>22017</FRIENDID>
      <CID>22047</CID>
    </FRIEND>
    <FRIEND>
      <FRIENDID>22018</FRIENDID>
      <CID>22047</CID>
    </FRIEND>
    <FRIEND>
      <FRIENDID>22014</FRIENDID>
      <CID>22047</CID>
    </FRIEND>
    <FRIEND>
      <FRIENDID>22015</FRIENDID>
      <CID>22048</CID>
    </FRIEND>
    <FRIEND>
      <FRIENDID>22017</FRIENDID>
      <CID>22048</CID>
    </FRIEND>
    <FRIEND>
      <FRIENDID>22018</FRIENDID>
      <CID>22048</CID>
    </FRIEND>
    <FRIEND>
      <FRIENDID>22019</FRIENDID>
      <CID>22048</CID>
    </FRIEND>
    <FRIEND>
      <FRIENDID>22015</FRIENDID>
      <CID>22049</CID>
    </FRIEND>
    <FRIEND>
      <FRIENDID>22017</FRIENDID>
      <CID>22049</CID>
    </FRIEND>
    <FRIEND>
      <FRIENDID>22018</FRIENDID>
      <CID>22049</CID>
    </FRIEND>
    <FRIEND>
      <FRIENDID>22016</FRIENDID>
      <CID>22050</CID>
    </FRIEND>
    <FRIEND>
      <FRIENDID>22015</FRIENDID>
      <CID>22050</CID>
    </FRIEND>
    <FRIEND>
      <FRIENDID>22018</FRIENDID>
      <CID>22050</CID>
    </FRIEND>
    <FRIEND>
      <FRIENDID>22019</FRIENDID>
      <CID>22050</CID>
    </FRIEND>
    <FRIEND>
      <FRIENDID>22016</FRIENDID>
      <CID>22051</CID>
    </FRIEND>
    <FRIEND>
      <FRIENDID>22015</FRIENDID>
      <CID>22051</CID>
    </FRIEND>
    <FRIEND>
      <FRIENDID>22018</FRIENDID>
      <CID>22051</CID>
    </FRIEND>
    <FRIEND>
      <FRIENDID>22016</FRIENDID>
      <CID>22052</CID>
    </FRIEND>
    <FRIEND>
      <FRIENDID>22017</FRIENDID>
      <CID>22052</CID>
    </FRIEND>
    <FRIEND>
      <FRIENDID>22015</FRIENDID>
      <CID>22052</CID>
    </FRIEND>
    <FRIEND>
      <FRIENDID>22019</FRIENDID>
      <CID>22052</CID>
    </FRIEND>
    <FRIEND>
      <FRIENDID>22016</FRIENDID>
      <CID>22053</CID>
    </FRIEND>
    <FRIEND>
      <FRIENDID>22017</FRIENDID>
      <CID>22053</CID>
    </FRIEND>
    <FRIEND>
      <FRIENDID>22015</FRIENDID>
      <CID>22053</CID>
    </FRIEND>
    <FRIEND>
      <FRIENDID>22016</FRIENDID>
      <CID>22054</CID>
    </FRIEND>
    <FRIEND>
      <FRIENDID>22017</FRIENDID>
      <CID>22054</CID>
    </FRIEND>
    <FRIEND>
      <FRIENDID>22018</FRIENDID>
      <CID>22054</CID>
    </FRIEND>
    <FRIEND>
      <FRIENDID>22015</FRIENDID>
      <CID>22054</CID>
    </FRIEND>
    <FRIEND>
      <FRIENDID>22016</FRIENDID>
      <CID>22055</CID>
    </FRIEND>
    <FRIEND>
      <FRIENDID>22017</FRIENDID>
      <CID>22055</CID>
    </FRIEND>
    <FRIEND>
      <FRIENDID>22018</FRIENDID>
      <CID>22055</CID>
    </FRIEND>
    <INTEREST>
      <ID>22000</ID>
      <INAME>chess</INAME>
    </INTEREST>
    <INTEREST>
      <ID>22000</ID>
      <INAME>soccer</INAME>
    </INTEREST>
    <INTEREST>
      <ID>22000</ID>
      <INAME>football</INAME>
    </INTEREST>
    <INTEREST>
      <ID>22001</ID>
      <INAME>reading</INAME>
    </INTEREST>
    <INTEREST>
      <ID>22001</ID>
      <INAME>surfing</INAME>
    </INTEREST>
    <INTEREST>
      <ID>22001</ID>
      <INAME>programming</INAME>
    </INTEREST>
    <INTEREST>
      <ID>22002</ID>
      <INAME>facebook</INAME>
    </INTEREST>
    <INTEREST>
      <ID>22002</ID>
      <INAME>algorithms</INAME>
    </INTEREST>
    <INTEREST>
      <ID>22002</ID>
      <INAME>cricket</INAME>
    </INTEREST>
    <INTEREST>
      <ID>22003</ID>
      <INAME>soccer</INAME>
    </INTEREST>
    <INTEREST>
      <ID>22003</ID>
      <INAME>badminton</INAME>
    </INTEREST>
    <INTEREST>
      <ID>22003</ID>
      <INAME>database</INAME>
    </INTEREST>
    <INTEREST>
      <ID>22004</ID>
      <INAME>database</INAME>
    </INTEREST>
    <INTEREST>
      <ID>22004</ID>
      <INAME>machine learning</INAME>
    </INTEREST>
    <INTEREST>
      <ID>22004</ID>
      <INAME>algorithms</INAME>
    </INTEREST>
    <INTEREST>
      <ID>22005</ID>
      <INAME>signal processing</INAME>
    </INTEREST>
    <INTEREST>
      <ID>22005</ID>
      <INAME>digital communications</INAME>
    </INTEREST>
    <INTEREST>
      <ID>22005</ID>
      <INAME>carrom</INAME>
    </INTEREST>
    <INTEREST>
      <ID>22006</ID>
      <INAME>cricket</INAME>
    </INTEREST>
    <INTEREST>
      <ID>22006</ID>
      <INAME>soccer</INAME>
    </INTEREST>
    <INTEREST>
      <ID>22006</ID>
      <INAME>reading</INAME>
    </INTEREST>
    <INTEREST>
      <ID>22007</ID>
      <INAME>writing</INAME>
    </INTEREST>
    <INTEREST>
      <ID>22007</ID>
      <INAME>facebook</INAME>
    </INTEREST>
    <INTEREST>
      <ID>22007</ID>
      <INAME>myspace</INAME>
    </INTEREST>
    <INTEREST>
      <ID>22008</ID>
      <INAME>photography</INAME>
    </INTEREST>
    <INTEREST>
      <ID>22008</ID>
      <INAME>soccer</INAME>
    </INTEREST>
    <INTEREST>
      <ID>22009</ID>
      <INAME>badminton</INAME>
    </INTEREST>
    <INTEREST>
      <ID>22010</ID>
      <INAME>programming</INAME>
    </INTEREST>
    <INTEREST>
      <ID>22011</ID>
      <INAME>facebook</INAME>
    </INTEREST>
    <INTEREST>
      <ID>22011</ID>
      <INAME>cricket</INAME>
    </INTEREST>
    <INTEREST>
      <ID>22011</ID>
      <INAME>rugby</INAME>
    </INTEREST>
    <INTEREST>
      <ID>22012</ID>
      <INAME>database</INAME>
    </INTEREST>
    <INTEREST>
      <ID>22012</ID>
      <INAME>facebook</INAME>
    </INTEREST>
    <INTEREST>
      <ID>22013</ID>
      <INAME>boxing</INAME>
    </INTEREST>
    <INTEREST>
      <ID>22014</ID>
      <INAME>poker</INAME>
    </INTEREST>
    <INTEREST>
      <ID>22015</ID>
      <INAME>cricket</INAME>
    </INTEREST>
    <INTEREST>
      <ID>22015</ID>
      <INAME>chess</INAME>
    </INTEREST>
    <INTEREST>
      <ID>22016</ID>
      <INAME>computer architecture</INAME>
    </INTEREST>
    <INTEREST>
      <ID>22017</ID>
      <INAME>algorithms</INAME>
    </INTEREST>
    <INTEREST>
      <ID>22017</ID>
      <INAME>database</INAME>
    </INTEREST>
    <INTEREST>
      <ID>22018</ID>
      <INAME>studying</INAME>
    </INTEREST>
    <INTEREST>
      <ID>22018</ID>
      <INAME>shopping</INAME>
    </INTEREST>
    <INTEREST>
      <ID>22019</ID>
      <INAME>wrestling</INAME>
    </INTEREST>
    <INTEREST>
      <ID>22019</ID>
      <INAME>fighting</INAME>
    </INTEREST>
    <INTEREST>
      <ID>22019</ID>
      <INAME>gymming</INAME>
    </INTEREST>
    <SCHOOL>
      <ID>22000</ID>
      <SCHOOLNAME>San Diego State</SCHOOLNAME>
    </SCHOOL>
    <SCHOOL>
      <ID>22001</ID>
      <SCHOOLNAME>PennState</SCHOOLNAME>
    </SCHOOL>
    <SCHOOL>
      <ID>22001</ID>
      <SCHOOLNAME>PennState</SCHOOLNAME>
    </SCHOOL>
    <SCHOOL>
      <ID>22002</ID>
      <SCHOOLNAME>MIT</SCHOOLNAME>
    </SCHOOL>
    <SCHOOL>
      <ID>22003</ID>
      <SCHOOLNAME>UCLA</SCHOOLNAME>
    </SCHOOL>
    <SCHOOL>
      <ID>22003</ID>
      <SCHOOLNAME>Yale</SCHOOLNAME>
    </SCHOOL>
    <SCHOOL>
      <ID>22004</ID>
      <SCHOOLNAME>Upenn</SCHOOLNAME>
    </SCHOOL>
    <SCHOOL>
      <ID>22005</ID>
      <SCHOOLNAME>MIT</SCHOOLNAME>
    </SCHOOL>
    <SCHOOL>
      <ID>22006</ID>
      <SCHOOLNAME>NID</SCHOOLNAME>
    </SCHOOL>
    <SCHOOL>
      <ID>22007</ID>
      <SCHOOLNAME>NYU</SCHOOLNAME>
    </SCHOOL>
    <SCHOOL>
      <ID>22008</ID>
      <SCHOOLNAME>Upenn</SCHOOLNAME>
    </SCHOOL>
    <SCHOOL>
      <ID>22009</ID>
      <SCHOOLNAME>BU</SCHOOLNAME>
    </SCHOOL>
    <SCHOOL>
      <ID>22010</ID>
      <SCHOOLNAME>Upenn</SCHOOLNAME>
    </SCHOOL>
    <SCHOOL>
      <ID>22010</ID>
      <SCHOOLNAME>UCSD</SCHOOLNAME>
    </SCHOOL>
    <SCHOOL>
      <ID>22011</ID>
      <SCHOOLNAME>UMass</SCHOOLNAME>
    </SCHOOL>
    <SCHOOL>
      <ID>22012</ID>
      <SCHOOLNAME>UTA</SCHOOLNAME>
    </SCHOOL>
    <SCHOOL>
      <ID>22012</ID>
      <SCHOOLNAME>UCB</SCHOOLNAME>
    </SCHOOL>
    <SCHOOL>
      <ID>22013</ID>
      <SCHOOLNAME>CMU</SCHOOLNAME>
    </SCHOOL>
    <SCHOOL>
      <ID>22014</ID>
      <SCHOOLNAME>Columbia</SCHOOLNAME>
    </SCHOOL>
    <SCHOOL>
      <ID>22014</ID>
      <SCHOOLNAME>Vtech</SCHOOLNAME>
    </SCHOOL>
    <SCHOOL>
      <ID>22015</ID>
      <SCHOOLNAME>UNH</SCHOOLNAME>
    </SCHOOL>
    <SCHOOL>
      <ID>22016</ID>
      <SCHOOLNAME>MU</SCHOOLNAME>
    </SCHOOL>
    <SCHOOL>
      <ID>22017</ID>
      <SCHOOLNAME>VIT</SCHOOLNAME>
    </SCHOOL>
    <SCHOOL>
      <ID>22018</ID>
      <SCHOOLNAME>Oxford</SCHOOLNAME>
    </SCHOOL>
    <SCHOOL>
      <ID>22019</ID>
      <SCHOOLNAME>IIT</SCHOOLNAME>
    </SCHOOL>
    <PHOTO>
      <PID>22000</PID>
      <USERID>22000</USERID>
      <URL>http://image.just-download.com/img/data_images/2011/05/16/1305541956-link-shell-extension1.png?w=200</URL>
      <PRIVACY>CUSTOM</PRIVACY>
    </PHOTO>
    <PHOTO>
      <PID>22001</PID>
      <USERID>22000</USERID>
      <URL>http://image.just-download.com/img/data_images/2011/05/16/1305541956-link-shell-extension1.png?w=201</URL>
      <PRIVACY>CUSTOM</PRIVACY>
    </PHOTO>
    <PHOTO>
      <PID>22002</PID>
      <USERID>22000</USERID>
      <URL>http://image.just-download.com/img/data_images/2011/05/16/1305541956-link-shell-extension1.png?w=202</URL>
      <PRIVACY>CUSTOM</PRIVACY>
    </PHOTO>
    <PHOTO>
      <PID>22004</PID>
      <USERID>22001</USERID>
      <URL>http://image.just-download.com/img/data_images/2011/05/16/1305541956-link-shell-extension1.png?w=203</URL>
      <PRIVACY>CUSTOM</PRIVACY>
    </PHOTO>
    <PHOTO>
      <PID>22005</PID>
      <USERID>22001</USERID>
      <URL>http://image.just-download.com/img/data_images/2011/05/16/1305541956-link-shell-extension1.png?w=204</URL>
      <PRIVACY>CUSTOM</PRIVACY>
    </PHOTO>
    <PHOTO>
      <PID>22006</PID>
      <USERID>22001</USERID>
      <URL>http://image.just-download.com/img/data_images/2011/05/16/1305541956-link-shell-extension1.png?w=205</URL>
      <PRIVACY>CUSTOM</PRIVACY>
    </PHOTO>
    <PHOTO>
      <PID>22007</PID>
      <USERID>22002</USERID>
      <URL>http://image.just-download.com/img/data_images/2011/05/16/1305541956-link-shell-extension1.png?w=206</URL>
      <PRIVACY>CUSTOM</PRIVACY>
    </PHOTO>
    <PHOTO>
      <PID>22008</PID>
      <USERID>22002</USERID>
      <URL>http://image.just-download.com/img/data_images/2011/05/16/1305541956-link-shell-extension1.png?w=207</URL>
      <PRIVACY>CUSTOM</PRIVACY>
    </PHOTO>
    <PHOTO>
      <PID>22009</PID>
      <USERID>22002</USERID>
      <URL>http://image.just-download.com/img/data_images/2011/05/16/1305541956-link-shell-extension1.png?w=208</URL>
      <PRIVACY>CUSTOM</PRIVACY>
    </PHOTO>
    <PHOTO>
      <PID>22010</PID>
      <USERID>22003</USERID>
      <URL>http://image.just-download.com/img/data_images/2011/05/16/1305541956-link-shell-extension1.png?w=209</URL>
      <PRIVACY>CUSTOM</PRIVACY>
    </PHOTO>
    <PHOTO>
      <PID>22011</PID>
      <USERID>22003</USERID>
      <URL>http://image.just-download.com/img/data_images/2011/05/16/1305541956-link-shell-extension1.png?w=210</URL>
      <PRIVACY>CUSTOM</PRIVACY>
    </PHOTO>
    <PHOTO>
      <PID>22012</PID>
      <USERID>22003</USERID>
      <URL>http://image.just-download.com/img/data_images/2011/05/16/1305541956-link-shell-extension1.png?w=211</URL>
      <PRIVACY>CUSTOM</PRIVACY>
    </PHOTO>
    <PHOTO>
      <PID>22013</PID>
      <USERID>22004</USERID>
      <URL>http://image.just-download.com/img/data_images/2011/05/16/1305541956-link-shell-extension1.png?w=212</URL>
      <PRIVACY>CUSTOM</PRIVACY>
    </PHOTO>
    <PHOTO>
      <PID>22014</PID>
      <USERID>22004</USERID>
      <URL>http://image.just-download.com/img/data_images/2011/05/16/1305541956-link-shell-extension1.png?w=213</URL>
      <PRIVACY>CUSTOM</PRIVACY>
    </PHOTO>
    <PHOTO>
      <PID>22015</PID>
      <USERID>22004</USERID>
      <URL>http://image.just-download.com/img/data_images/2011/05/16/1305541956-link-shell-extension1.png?w=214</URL>
      <PRIVACY>CUSTOM</PRIVACY>
    </PHOTO>
    <PHOTO>
      <PID>22016</PID>
      <USERID>22005</USERID>
      <URL>http://image.just-download.com/img/data_images/2011/05/16/1305541956-link-shell-extension1.png?w=215</URL>
      <PRIVACY>CUSTOM</PRIVACY>
    </PHOTO>
    <PHOTO>
      <PID>22017</PID>
      <USERID>22005</USERID>
      <URL>http://image.just-download.com/img/data_images/2011/05/16/1305541956-link-shell-extension1.png?w=216</URL>
      <PRIVACY>CUSTOM</PRIVACY>
    </PHOTO>
    <PHOTO>
      <PID>22018</PID>
      <USERID>22005</USERID>
      <URL>http://image.just-download.com/img/data_images/2011/05/16/1305541956-link-shell-extension1.png?w=217</URL>
      <PRIVACY>CUSTOM</PRIVACY>
    </PHOTO>
    <PHOTO>
      <PID>22019</PID>
      <USERID>22006</USERID>
      <URL>http://image.just-download.com/img/data_images/2011/05/16/1305541956-link-shell-extension1.png?w=218</URL>
      <PRIVACY>CUSTOM</PRIVACY>
    </PHOTO>
    <PHOTO>
      <PID>22020</PID>
      <USERID>22006</USERID>
      <URL>http://image.just-download.com/img/data_images/2011/05/16/1305541956-link-shell-extension1.png?w=219</URL>
      <PRIVACY>CUSTOM</PRIVACY>
    </PHOTO>
    <PHOTO>
      <PID>22021</PID>
      <USERID>22006</USERID>
      <URL>http://image.just-download.com/img/data_images/2011/05/16/1305541956-link-shell-extension1.png?w=220</URL>
      <PRIVACY>CUSTOM</PRIVACY>
    </PHOTO>
    <PHOTO>
      <PID>22022</PID>
      <USERID>22007</USERID>
      <URL>http://image.just-download.com/img/data_images/2011/05/16/1305541956-link-shell-extension1.png?w=221</URL>
      <PRIVACY>CUSTOM</PRIVACY>
    </PHOTO>
    <PHOTO>
      <PID>22023</PID>
      <USERID>22007</USERID>
      <URL>http://image.just-download.com/img/data_images/2011/05/16/1305541956-link-shell-extension1.png?w=222</URL>
      <PRIVACY>CUSTOM</PRIVACY>
    </PHOTO>
    <PHOTO>
      <PID>22024</PID>
      <USERID>22007</USERID>
      <URL>http://image.just-download.com/img/data_images/2011/05/16/1305541956-link-shell-extension1.png?w=223</URL>
      <PRIVACY>CUSTOM</PRIVACY>
    </PHOTO>
    <PHOTO>
      <PID>22025</PID>
      <USERID>22008</USERID>
      <URL>http://image.just-download.com/img/data_images/2011/05/16/1305541956-link-shell-extension1.png?w=224</URL>
      <PRIVACY>CUSTOM</PRIVACY>
    </PHOTO>
    <PHOTO>
      <PID>22026</PID>
      <USERID>22008</USERID>
      <URL>http://image.just-download.com/img/data_images/2011/05/16/1305541956-link-shell-extension1.png?w=225</URL>
      <PRIVACY>CUSTOM</PRIVACY>
    </PHOTO>
    <PHOTO>
      <PID>22027</PID>
      <USERID>22008</USERID>
      <URL>http://image.just-download.com/img/data_images/2011/05/16/1305541956-link-shell-extension1.png?w=226</URL>
      <PRIVACY>CUSTOM</PRIVACY>
    </PHOTO>
    <PHOTO>
      <PID>22028</PID>
      <USERID>22009</USERID>
      <URL>http://image.just-download.com/img/data_images/2011/05/16/1305541956-link-shell-extension1.png?w=227</URL>
      <PRIVACY>CUSTOM</PRIVACY>
    </PHOTO>
    <PHOTO>
      <PID>22029</PID>
      <USERID>22009</USERID>
      <URL>http://image.just-download.com/img/data_images/2011/05/16/1305541956-link-shell-extension1.png?w=228</URL>
      <PRIVACY>CUSTOM</PRIVACY>
    </PHOTO>
    <PHOTO>
      <PID>22030</PID>
      <USERID>22009</USERID>
      <URL>http://image.just-download.com/img/data_images/2011/05/16/1305541956-link-shell-extension1.png?w=229</URL>
      <PRIVACY>CUSTOM</PRIVACY>
    </PHOTO>
    <PHOTO>
      <PID>22031</PID>
      <USERID>22010</USERID>
      <URL>http://image.just-download.com/img/data_images/2011/05/16/1305541956-link-shell-extension1.png?w=230</URL>
      <PRIVACY>CUSTOM</PRIVACY>
    </PHOTO>
    <PHOTO>
      <PID>22032</PID>
      <USERID>22010</USERID>
      <URL>http://image.just-download.com/img/data_images/2011/05/16/1305541956-link-shell-extension1.png?w=231</URL>
      <PRIVACY>CUSTOM</PRIVACY>
    </PHOTO>
    <PHOTO>
      <PID>22033</PID>
      <USERID>22010</USERID>
      <URL>http://image.just-download.com/img/data_images/2011/05/16/1305541956-link-shell-extension1.png?w=232</URL>
      <PRIVACY>CUSTOM</PRIVACY>
    </PHOTO>
    <PHOTO>
      <PID>22034</PID>
      <USERID>22011</USERID>
      <URL>http://image.just-download.com/img/data_images/2011/05/16/1305541956-link-shell-extension1.png?w=233</URL>
      <PRIVACY>CUSTOM</PRIVACY>
    </PHOTO>
    <PHOTO>
      <PID>22035</PID>
      <USERID>22011</USERID>
      <URL>http://image.just-download.com/img/data_images/2011/05/16/1305541956-link-shell-extension1.png?w=234</URL>
      <PRIVACY>CUSTOM</PRIVACY>
    </PHOTO>
    <PHOTO>
      <PID>22036</PID>
      <USERID>22011</USERID>
      <URL>http://image.just-download.com/img/data_images/2011/05/16/1305541956-link-shell-extension1.png?w=235</URL>
      <PRIVACY>CUSTOM</PRIVACY>
    </PHOTO>
    <PHOTO>
      <PID>22037</PID>
      <USERID>22012</USERID>
      <URL>http://image.just-download.com/img/data_images/2011/05/16/1305541956-link-shell-extension1.png?w=236</URL>
      <PRIVACY>CUSTOM</PRIVACY>
    </PHOTO>
    <PHOTO>
      <PID>22038</PID>
      <USERID>22012</USERID>
      <URL>http://image.just-download.com/img/data_images/2011/05/16/1305541956-link-shell-extension1.png?w=237</URL>
      <PRIVACY>CUSTOM</PRIVACY>
    </PHOTO>
    <PHOTO>
      <PID>22039</PID>
      <USERID>22012</USERID>
      <URL>http://image.just-download.com/img/data_images/2011/05/16/1305541956-link-shell-extension1.png?w=238</URL>
      <PRIVACY>CUSTOM</PRIVACY>
    </PHOTO>
    <PHOTO>
      <PID>22040</PID>
      <USERID>22013</USERID>
      <URL>http://image.just-download.com/img/data_images/2011/05/16/1305541956-link-shell-extension1.png?w=239</URL>
      <PRIVACY>CUSTOM</PRIVACY>
    </PHOTO>
    <PHOTO>
      <PID>22041</PID>
      <USERID>22013</USERID>
      <URL>http://image.just-download.com/img/data_images/2011/05/16/1305541956-link-shell-extension1.png?w=240</URL>
      <PRIVACY>CUSTOM</PRIVACY>
    </PHOTO>
    <PHOTO>
      <PID>22042</PID>
      <USERID>22013</USERID>
      <URL>http://image.just-download.com/img/data_images/2011/05/16/1305541956-link-shell-extension1.png?w=241</URL>
      <PRIVACY>CUSTOM</PRIVACY>
    </PHOTO>
    <PHOTO>
      <PID>22043</PID>
      <USERID>22014</USERID>
      <URL>http://image.just-download.com/img/data_images/2011/05/16/1305541956-link-shell-extension1.png?w=242</URL>
      <PRIVACY>CUSTOM</PRIVACY>
    </PHOTO>
    <PHOTO>
      <PID>22044</PID>
      <USERID>22014</USERID>
      <URL>http://image.just-download.com/img/data_images/2011/05/16/1305541956-link-shell-extension1.png?w=243</URL>
      <PRIVACY>CUSTOM</PRIVACY>
    </PHOTO>
    <PHOTO>
      <PID>22045</PID>
      <USERID>22014</USERID>
      <URL>http://image.just-download.com/img/data_images/2011/05/16/1305541956-link-shell-extension1.png?w=244</URL>
      <PRIVACY>CUSTOM</PRIVACY>
    </PHOTO>
    <PHOTO>
      <PID>22046</PID>
      <USERID>22015</USERID>
      <URL>http://image.just-download.com/img/data_images/2011/05/16/1305541956-link-shell-extension1.png?w=245</URL>
      <PRIVACY>CUSTOM</PRIVACY>
    </PHOTO>
    <PHOTO>
      <PID>22047</PID>
      <USERID>22015</USERID>
      <URL>http://image.just-download.com/img/data_images/2011/05/16/1305541956-link-shell-extension1.png?w=246</URL>
      <PRIVACY>CUSTOM</PRIVACY>
    </PHOTO>
    <PHOTO>
      <PID>22048</PID>
      <USERID>22015</USERID>
      <URL>http://image.just-download.com/img/data_images/2011/05/16/1305541956-link-shell-extension1.png?w=247</URL>
      <PRIVACY>CUSTOM</PRIVACY>
    </PHOTO>
    <PHOTO>
      <PID>22049</PID>
      <USERID>22016</USERID>
      <URL>http://image.just-download.com/img/data_images/2011/05/16/1305541956-link-shell-extension1.png?w=248</URL>
      <PRIVACY>CUSTOM</PRIVACY>
    </PHOTO>
    <PHOTO>
      <PID>22050</PID>
      <USERID>22016</USERID>
      <URL>http://image.just-download.com/img/data_images/2011/05/16/1305541956-link-shell-extension1.png?w=249</URL>
      <PRIVACY>CUSTOM</PRIVACY>
    </PHOTO>
    <PHOTO>
      <PID>22051</PID>
      <USERID>22016</USERID>
      <URL>http://image.just-download.com/img/data_images/2011/05/16/1305541956-link-shell-extension1.png?w=250</URL>
      <PRIVACY>CUSTOM</PRIVACY>
    </PHOTO>
    <PHOTO>
      <PID>22052</PID>
      <USERID>22017</USERID>
      <URL>http://image.just-download.com/img/data_images/2011/05/16/1305541956-link-shell-extension1.png?w=251</URL>
      <PRIVACY>CUSTOM</PRIVACY>
    </PHOTO>
    <PHOTO>
      <PID>22053</PID>
      <USERID>22017</USERID>
      <URL>http://image.just-download.com/img/data_images/2011/05/16/1305541956-link-shell-extension1.png?w=252</URL>
      <PRIVACY>CUSTOM</PRIVACY>
    </PHOTO>
    <PHOTO>
      <PID>22054</PID>
      <USERID>22017</USERID>
      <URL>http://image.just-download.com/img/data_images/2011/05/16/1305541956-link-shell-extension1.png?w=253</URL>
      <PRIVACY>CUSTOM</PRIVACY>
    </PHOTO>
    <PHOTO>
      <PID>22055</PID>
      <USERID>22018</USERID>
      <URL>http://image.just-download.com/img/data_images/2011/05/16/1305541956-link-shell-extension1.png?w=254</URL>
      <PRIVACY>CUSTOM</PRIVACY>
    </PHOTO>
    <PHOTO>
      <PID>22056</PID>
      <USERID>22018</USERID>
      <URL>http://image.just-download.com/img/data_images/2011/05/16/1305541956-link-shell-extension1.png?w=255</URL>
      <PRIVACY>CUSTOM</PRIVACY>
    </PHOTO>
    <PHOTO>
      <PID>22057</PID>
      <USERID>22018</USERID>
      <URL>http://image.just-download.com/img/data_images/2011/05/16/1305541956-link-shell-extension1.png?w=256</URL>
      <PRIVACY>CUSTOM</PRIVACY>
    </PHOTO>
    <PHOTO>
      <PID>22058</PID>
      <USERID>22019</USERID>
      <URL>http://image.just-download.com/img/data_images/2011/05/16/1305541956-link-shell-extension1.png?w=257</URL>
      <PRIVACY>CUSTOM</PRIVACY>
    </PHOTO>
    <PHOTO>
      <PID>22059</PID>
      <USERID>22019</USERID>
      <URL>http://image.just-download.com/img/data_images/2011/05/16/1305541956-link-shell-extension1.png?w=258</URL>
      <PRIVACY>CUSTOM</PRIVACY>
    </PHOTO>
    <PHOTO>
      <PID>22060</PID>
      <USERID>22019</USERID>
      <URL>http://image.just-download.com/img/data_images/2011/05/16/1305541956-link-shell-extension1.png?w=259</URL>
      <PRIVACY>CUSTOM</PRIVACY>
    </PHOTO>
    <RATING>
      <PID>22000</PID>
      <RATERID>22001</RATERID>
      <SCORE>1</SCORE>
    </RATING>
    <RATING>
      <PID>22001</PID>
      <RATERID>22001</RATERID>
      <SCORE>3</SCORE>
    </RATING>
    <RATING>
      <PID>22002</PID>
      <RATERID>22004</RATERID>
      <SCORE>5</SCORE>
    </RATING>
    <RATING>
      <PID>22004</PID>
      <RATERID>22000</RATERID>
      <SCORE>1</SCORE>
    </RATING>
    <RATING>
      <PID>22005</PID>
      <RATERID>22002</RATERID>
      <SCORE>3</SCORE>
    </RATING>
    <RATING>
      <PID>22006</PID>
      <RATERID>22004</RATERID>
      <SCORE>5</SCORE>
    </RATING>
    <RATING>
      <PID>22007</PID>
      <RATERID>22001</RATERID>
      <SCORE>1</SCORE>
    </RATING>
    <RATING>
      <PID>22008</PID>
      <RATERID>22001</RATERID>
      <SCORE>3</SCORE>
    </RATING>
    <RATING>
      <PID>22009</PID>
      <RATERID>22000</RATERID>
      <SCORE>5</SCORE>
    </RATING>
    <RATING>
      <PID>22010</PID>
      <RATERID>22002</RATERID>
      <SCORE>1</SCORE>
    </RATING>
    <RATING>
      <PID>22011</PID>
      <RATERID>22001</RATERID>
      <SCORE>3</SCORE>
    </RATING>
    <RATING>
      <PID>22012</PID>
      <RATERID>22002</RATERID>
      <SCORE>3</SCORE>
    </RATING>
    <RATING>
      <PID>22013</PID>
      <RATERID>22003</RATERID>
      <SCORE>1</SCORE>
    </RATING>
    <RATING>
      <PID>22014</PID>
      <RATERID>22001</RATERID>
      <SCORE>5</SCORE>
    </RATING>
    <RATING>
      <PID>22015</PID>
      <RATERID>22003</RATERID>
      <SCORE>1</SCORE>
    </RATING>
    <RATING>
      <PID>22016</PID>
      <RATERID>22007</RATERID>
      <SCORE>1</SCORE>
    </RATING>
    <RATING>
      <PID>22017</PID>
      <RATERID>22006</RATERID>
      <SCORE>4</SCORE>
    </RATING>
    <RATING>
      <PID>22018</PID>
      <RATERID>22009</RATERID>
      <SCORE>2</SCORE>
    </RATING>
    <RATING>
      <PID>22019</PID>
      <RATERID>22009</RATERID>
      <SCORE>1</SCORE>
    </RATING>
    <RATING>
      <PID>22020</PID>
      <RATERID>22008</RATERID>
      <SCORE>3</SCORE>
    </RATING>
    <RATING>
      <PID>22021</PID>
      <RATERID>22005</RATERID>
      <SCORE>1</SCORE>
    </RATING>
    <RATING>
      <PID>22022</PID>
      <RATERID>22006</RATERID>
      <SCORE>1</SCORE>
    </RATING>
    <RATING>
      <PID>22023</PID>
      <RATERID>22005</RATERID>
      <SCORE>1</SCORE>
    </RATING>
    <RATING>
      <PID>22024</PID>
      <RATERID>22008</RATERID>
      <SCORE>5</SCORE>
    </RATING>
    <RATING>
      <PID>22025</PID>
      <RATERID>22006</RATERID>
      <SCORE>1</SCORE>
    </RATING>
    <RATING>
      <PID>22026</PID>
      <RATERID>22005</RATERID>
      <SCORE>4</SCORE>
    </RATING>
    <RATING>
      <PID>22027</PID>
      <RATERID>22006</RATERID>
      <SCORE>1</SCORE>
    </RATING>
    <RATING>
      <PID>22028</PID>
      <RATERID>22010</RATERID>
      <SCORE>1</SCORE>
    </RATING>
    <RATING>
      <PID>22029</PID>
      <RATERID>22005</RATERID>
      <SCORE>3</SCORE>
    </RATING>
    <RATING>
      <PID>22030</PID>
      <RATERID>22006</RATERID>
      <SCORE>2</SCORE>
    </RATING>
    <RATING>
      <PID>22031</PID>
      <RATERID>22011</RATERID>
      <SCORE>1</SCORE>
    </RATING>
    <RATING>
      <PID>22032</PID>
      <RATERID>22014</RATERID>
      <SCORE>1</SCORE>
    </RATING>
    <RATING>
      <PID>22033</PID>
      <RATERID>22012</RATERID>
      <SCORE>1</SCORE>
    </RATING>
    <RATING>
      <PID>22034</PID>
      <RATERID>22014</RATERID>
      <SCORE>1</SCORE>
    </RATING>
    <RATING>
      <PID>22035</PID>
      <RATERID>22010</RATERID>
      <SCORE>5</SCORE>
    </RATING>
    <RATING>
      <PID>22036</PID>
      <RATERID>22012</RATERID>
      <SCORE>1</SCORE>
    </RATING>
    <RATING>
      <PID>22037</PID>
      <RATERID>22014</RATERID>
      <SCORE>1</SCORE>
    </RATING>
    <RATING>
      <PID>22038</PID>
      <RATERID>22013</RATERID>
      <SCORE>1</SCORE>
    </RATING>
    <RATING>
      <PID>22039</PID>
      <RATERID>22010</RATERID>
      <SCORE>4</SCORE>
    </RATING>
    <RATING>
      <PID>22040</PID>
      <RATERID>22011</RATERID>
      <SCORE>1</SCORE>
    </RATING>
    <RATING>
      <PID>22041</PID>
      <RATERID>22012</RATERID>
      <SCORE>3</SCORE>
    </RATING>
    <RATING>
      <PID>22042</PID>
      <RATERID>22011</RATERID>
      <SCORE>1</SCORE>
    </RATING>
    <RATING>
      <PID>22043</PID>
      <RATERID>22015</RATERID>
      <SCORE>1</SCORE>
    </RATING>
    <RATING>
      <PID>22044</PID>
      <RATERID>22013</RATERID>
      <SCORE>2</SCORE>
    </RATING>
    <RATING>
      <PID>22045</PID>
      <RATERID>22015</RATERID>
      <SCORE>1</SCORE>
    </RATING>
    <RATING>
      <PID>22046</PID>
      <RATERID>22016</RATERID>
      <SCORE>1</SCORE>
    </RATING>
    <RATING>
      <PID>22047</PID>
      <RATERID>22019</RATERID>
      <SCORE>1</SCORE>
    </RATING>
    <RATING>
      <PID>22048</PID>
      <RATERID>22016</RATERID>
      <SCORE>4</SCORE>
    </RATING>
    <RATING>
      <PID>22049</PID>
      <RATERID>22015</RATERID>
      <SCORE>1</SCORE>
    </RATING>
    <RATING>
      <PID>22050</PID>
      <RATERID>22019</RATERID>
      <SCORE>1</SCORE>
    </RATING>
    <RATING>
      <PID>22051</PID>
      <RATERID>22018</RATERID>
      <SCORE>3</SCORE>
    </RATING>
    <RATING>
      <PID>22052</PID>
      <RATERID>22016</RATERID>
      <SCORE>1</SCORE>
    </RATING>
    <RATING>
      <PID>22053</PID>
      <RATERID>22019</RATERID>
      <SCORE>5</SCORE>
    </RATING>
    <RATING>
      <PID>22054</PID>
      <RATERID>22018</RATERID>
      <SCORE>3</SCORE>
    </RATING>
    <RATING>
      <PID>22055</PID>
      <RATERID>22016</RATERID>
      <SCORE>1</SCORE>
    </RATING>
    <RATING>
      <PID>22056</PID>
      <RATERID>22015</RATERID>
      <SCORE>1</SCORE>
    </RATING>
    <RATING>
      <PID>22057</PID>
      <RATERID>22016</RATERID>
      <SCORE>4</SCORE>
    </RATING>
    <RATING>
      <PID>22058</PID>
      <RATERID>22017</RATERID>
      <SCORE>1</SCORE>
    </RATING>
    <RATING>
      <PID>22059</PID>
      <RATERID>22018</RATERID>
      <SCORE>1</SCORE>
    </RATING>
    <RATING>
      <PID>22060</PID>
      <RATERID>22016</RATERID>
      <SCORE>5</SCORE>
    </RATING>
    <TAG>
      <PID>22000</PID>
      <TAGGERID>22001</TAGGERID>
      <COMMENT>bad</COMMENT>
    </TAG>
    <TAG>
      <PID>22001</PID>
      <TAGGERID>22001</TAGGERID>
      <COMMENT>Nice</COMMENT>
    </TAG>
    <TAG>
      <PID>22002</PID>
      <TAGGERID>22004</TAGGERID>
      <COMMENT>Superb</COMMENT>
    </TAG>
    <TAG>
      <PID>22004</PID>
      <TAGGERID>22000</TAGGERID>
      <COMMENT>bad</COMMENT>
    </TAG>
    <TAG>
      <PID>22005</PID>
      <TAGGERID>22002</TAGGERID>
      <COMMENT>nice</COMMENT>
    </TAG>
    <TAG>
      <PID>22006</PID>
      <TAGGERID>22004</TAGGERID>
      <COMMENT>superb</COMMENT>
    </TAG>
    <TAG>
      <PID>22007</PID>
      <TAGGERID>22001</TAGGERID>
      <COMMENT>bad</COMMENT>
    </TAG>
    <TAG>
      <PID>22008</PID>
      <TAGGERID>22001</TAGGERID>
      <COMMENT>nice</COMMENT>
    </TAG>
    <TAG>
      <PID>22009</PID>
      <TAGGERID>22000</TAGGERID>
      <COMMENT>superb</COMMENT>
    </TAG>
    <TAG>
      <PID>22010</PID>
      <TAGGERID>22002</TAGGERID>
      <COMMENT>bad</COMMENT>
    </TAG>
    <TAG>
      <PID>22011</PID>
      <TAGGERID>22001</TAGGERID>
      <COMMENT>nice</COMMENT>
    </TAG>
    <TAG>
      <PID>22012</PID>
      <TAGGERID>22002</TAGGERID>
      <COMMENT>good</COMMENT>
    </TAG>
    <TAG>
      <PID>22013</PID>
      <TAGGERID>22003</TAGGERID>
      <COMMENT>bad</COMMENT>
    </TAG>
    <TAG>
      <PID>22014</PID>
      <TAGGERID>22001</TAGGERID>
      <COMMENT>superb</COMMENT>
    </TAG>
    <TAG>
      <PID>22015</PID>
      <TAGGERID>22003</TAGGERID>
      <COMMENT>bad</COMMENT>
    </TAG>
    <TAG>
      <PID>22016</PID>
      <TAGGERID>22007</TAGGERID>
      <COMMENT>bad</COMMENT>
    </TAG>
    <TAG>
      <PID>22017</PID>
      <TAGGERID>22006</TAGGERID>
      <COMMENT>nice</COMMENT>
    </TAG>
    <TAG>
      <PID>22018</PID>
      <TAGGERID>22009</TAGGERID>
      <COMMENT>fine</COMMENT>
    </TAG>
    <TAG>
      <PID>22019</PID>
      <TAGGERID>22009</TAGGERID>
      <COMMENT>bad</COMMENT>
    </TAG>
    <TAG>
      <PID>22020</PID>
      <TAGGERID>22008</TAGGERID>
      <COMMENT>good</COMMENT>
    </TAG>
    <TAG>
      <PID>22021</PID>
      <TAGGERID>22005</TAGGERID>
      <COMMENT>bad</COMMENT>
    </TAG>
    <TAG>
      <PID>22022</PID>
      <TAGGERID>22006</TAGGERID>
      <COMMENT>bad</COMMENT>
    </TAG>
    <TAG>
      <PID>22023</PID>
      <TAGGERID>22005</TAGGERID>
      <COMMENT>bad</COMMENT>
    </TAG>
    <TAG>
      <PID>22024</PID>
      <TAGGERID>22008</TAGGERID>
      <COMMENT>superb</COMMENT>
    </TAG>
    <TAG>
      <PID>22025</PID>
      <TAGGERID>22006</TAGGERID>
      <COMMENT>bad</COMMENT>
    </TAG>
    <TAG>
      <PID>22026</PID>
      <TAGGERID>22005</TAGGERID>
      <COMMENT>nice</COMMENT>
    </TAG>
    <TAG>
      <PID>22027</PID>
      <TAGGERID>22006</TAGGERID>
      <COMMENT>bad</COMMENT>
    </TAG>
    <TAG>
      <PID>22028</PID>
      <TAGGERID>22010</TAGGERID>
      <COMMENT>bad</COMMENT>
    </TAG>
    <TAG>
      <PID>22029</PID>
      <TAGGERID>22005</TAGGERID>
      <COMMENT>good</COMMENT>
    </TAG>
    <TAG>
      <PID>22030</PID>
      <TAGGERID>22006</TAGGERID>
      <COMMENT>bad</COMMENT>
    </TAG>
    <TAG>
      <PID>22031</PID>
      <TAGGERID>22011</TAGGERID>
      <COMMENT>bad</COMMENT>
    </TAG>
    <TAG>
      <PID>22032</PID>
      <TAGGERID>22014</TAGGERID>
      <COMMENT>bad</COMMENT>
    </TAG>
    <TAG>
      <PID>22033</PID>
      <TAGGERID>22012</TAGGERID>
      <COMMENT>bad</COMMENT>
    </TAG>
    <TAG>
      <PID>22034</PID>
      <TAGGERID>22014</TAGGERID>
      <COMMENT>bad</COMMENT>
    </TAG>
    <TAG>
      <PID>22035</PID>
      <TAGGERID>22010</TAGGERID>
      <COMMENT>excellent</COMMENT>
    </TAG>
    <TAG>
      <PID>22036</PID>
      <TAGGERID>22012</TAGGERID>
      <COMMENT>bad</COMMENT>
    </TAG>
    <TAG>
      <PID>22037</PID>
      <TAGGERID>22014</TAGGERID>
      <COMMENT>bad</COMMENT>
    </TAG>
    <TAG>
      <PID>22038</PID>
      <TAGGERID>22013</TAGGERID>
      <COMMENT>bad</COMMENT>
    </TAG>
    <TAG>
      <PID>22039</PID>
      <TAGGERID>22010</TAGGERID>
      <COMMENT>superb</COMMENT>
    </TAG>
    <TAG>
      <PID>22040</PID>
      <TAGGERID>22011</TAGGERID>
      <COMMENT>bad</COMMENT>
    </TAG>
    <TAG>
      <PID>22041</PID>
      <TAGGERID>22012</TAGGERID>
      <COMMENT>good</COMMENT>
    </TAG>
    <TAG>
      <PID>22042</PID>
      <TAGGERID>22011</TAGGERID>
      <COMMENT>bad</COMMENT>
    </TAG>
    <TAG>
      <PID>22043</PID>
      <TAGGERID>22015</TAGGERID>
      <COMMENT>bad</COMMENT>
    </TAG>
    <TAG>
      <PID>22044</PID>
      <TAGGERID>22013</TAGGERID>
      <COMMENT>not bad</COMMENT>
    </TAG>
    <TAG>
      <PID>22045</PID>
      <TAGGERID>22015</TAGGERID>
      <COMMENT>bad</COMMENT>
    </TAG>
    <TAG>
      <PID>22046</PID>
      <TAGGERID>22016</TAGGERID>
      <COMMENT>bad</COMMENT>
    </TAG>
    <TAG>
      <PID>22047</PID>
      <TAGGERID>22019</TAGGERID>
      <COMMENT>bad</COMMENT>
    </TAG>
    <TAG>
      <PID>22048</PID>
      <TAGGERID>22016</TAGGERID>
      <COMMENT>good</COMMENT>
    </TAG>
    <TAG>
      <PID>22049</PID>
      <TAGGERID>22015</TAGGERID>
      <COMMENT>bad</COMMENT>
    </TAG>
    <TAG>
      <PID>22050</PID>
      <TAGGERID>22019</TAGGERID>
      <COMMENT>bad</COMMENT>
    </TAG>
    <TAG>
      <PID>22051</PID>
      <TAGGERID>22018</TAGGERID>
      <COMMENT>nice</COMMENT>
    </TAG>
    <TAG>
      <PID>22052</PID>
      <TAGGERID>22016</TAGGERID>
      <COMMENT>bad</COMMENT>
    </TAG>
    <TAG>
      <PID>22053</PID>
      <TAGGERID>22019</TAGGERID>
      <COMMENT>excellent</COMMENT>
    </TAG>
    <TAG>
      <PID>22054</PID>
      <TAGGERID>22018</TAGGERID>
      <COMMENT>god</COMMENT>
    </TAG>
    <TAG>
      <PID>22055</PID>
      <TAGGERID>22016</TAGGERID>
      <COMMENT>bad</COMMENT>
    </TAG>
    <TAG>
      <PID>22056</PID>
      <TAGGERID>22015</TAGGERID>
      <COMMENT>bad</COMMENT>
    </TAG>
    <TAG>
      <PID>22057</PID>
      <TAGGERID>22016</TAGGERID>
      <COMMENT>good enough</COMMENT>
    </TAG>
    <TAG>
      <PID>22058</PID>
      <TAGGERID>22017</TAGGERID>
      <COMMENT>bad</COMMENT>
    </TAG>
    <TAG>
      <PID>22059</PID>
      <TAGGERID>22018</TAGGERID>
      <COMMENT>bad</COMMENT>
    </TAG>
    <TAG>
      <PID>22060</PID>
      <TAGGERID>22016</TAGGERID>
      <COMMENT>superb</COMMENT>
    </TAG>
    <CIRCLEPRIV>
      <PID>22001</PID>
      <CID>22001
	</CID>
    </CIRCLEPRIV>
    <CIRCLEPRIV>
      <PID>22001</PID>
      <CID>22000
	</CID>
    </CIRCLEPRIV>
    <CIRCLEPRIV>
      <PID>22005</PID>
      <CID>22003
	</CID>
    </CIRCLEPRIV>
    <CIRCLEPRIV>
      <PID>22008</PID>
      <CID>22006
	</CID>
    </CIRCLEPRIV>
    <CIRCLEPRIV>
      <PID>22011</PID>
      <CID>22009
	</CID>
    </CIRCLEPRIV>
    <CIRCLEPRIV>
      <PID>22014</PID>
      <CID>22012
	</CID>
    </CIRCLEPRIV>
    <CIRCLEPRIV>
      <PID>22017</PID>
      <CID>22015
	</CID>
    </CIRCLEPRIV>
    <CIRCLEPRIV>
      <PID>22020</PID>
      <CID>22018
	</CID>
    </CIRCLEPRIV>
    <CIRCLEPRIV>
      <PID>22023</PID>
      <CID>22022
	</CID>
    </CIRCLEPRIV>
    <CIRCLEPRIV>
      <PID>22026</PID>
      <CID>22024
	</CID>
    </CIRCLEPRIV>
    <CIRCLEPRIV>
      <PID>22029</PID>
      <CID>22027
	</CID>
    </CIRCLEPRIV>
    <CIRCLEPRIV>
      <PID>22032</PID>
      <CID>22031
	</CID>
    </CIRCLEPRIV>
    <CIRCLEPRIV>
      <PID>22035</PID>
      <CID>22034
	</CID>
    </CIRCLEPRIV>
    <CIRCLEPRIV>
      <PID>22038</PID>
      <CID>22037
	</CID>
    </CIRCLEPRIV>
    <CIRCLEPRIV>
      <PID>22041</PID>
      <CID>22040
	</CID>
    </CIRCLEPRIV>
    <CIRCLEPRIV>
      <PID>22044</PID>
      <CID>22043
	</CID>
    </CIRCLEPRIV>
    <CIRCLEPRIV>
      <PID>22047</PID>
      <CID>22046
	</CID>
    </CIRCLEPRIV>
    <CIRCLEPRIV>
      <PID>22050</PID>
      <CID>22048
	</CID>
    </CIRCLEPRIV>
    <CIRCLEPRIV>
      <PID>22053</PID>
      <CID>22050
	</CID>
    </CIRCLEPRIV>
    <CIRCLEPRIV>
      <PID>22056</PID>
      <CID>22053
	</CID>
    </CIRCLEPRIV>
    <CIRCLEPRIV>
      <PID>22059</PID>
      <CID>22054
	</CID>
    </CIRCLEPRIV>
    <USERPRIV>
      <PID>22000</PID>
      <ID>22001
	</ID>
    </USERPRIV>
    <USERPRIV>
      <PID>22000</PID>
      <ID>22004
	</ID>
    </USERPRIV>
    <USERPRIV>
      <PID>22004</PID>
      <ID>22000
	</ID>
    </USERPRIV>
    <USERPRIV>
      <PID>22007</PID>
      <ID>22001
	</ID>
    </USERPRIV>
    <USERPRIV>
      <PID>22010</PID>
      <ID>22002
	</ID>
    </USERPRIV>
    <USERPRIV>
      <PID>22013</PID>
      <ID>22003
	</ID>
    </USERPRIV>
    <USERPRIV>
      <PID>22016</PID>
      <ID>22007
	</ID>
    </USERPRIV>
    <USERPRIV>
      <PID>22019</PID>
      <ID>22009
	</ID>
    </USERPRIV>
    <USERPRIV>
      <PID>22022</PID>
      <ID>22006
	</ID>
    </USERPRIV>
    <USERPRIV>
      <PID>22025</PID>
      <ID>22006
	</ID>
    </USERPRIV>
    <USERPRIV>
      <PID>22028</PID>
      <ID>22010
	</ID>
    </USERPRIV>
    <USERPRIV>
      <PID>22031</PID>
      <ID>22011
	</ID>
    </USERPRIV>
    <USERPRIV>
      <PID>22034</PID>
      <ID>22014
	</ID>
    </USERPRIV>
    <USERPRIV>
      <PID>22037</PID>
      <ID>22014
	</ID>
    </USERPRIV>
    <USERPRIV>
      <PID>22040</PID>
      <ID>22011
	</ID>
    </USERPRIV>
    <USERPRIV>
      <PID>22043</PID>
      <ID>22015
	</ID>
    </USERPRIV>
    <USERPRIV>
      <PID>22046</PID>
      <ID>22016
	</ID>
    </USERPRIV>
    <USERPRIV>
      <PID>22049</PID>
      <ID>22015
	</ID>
    </USERPRIV>
    <USERPRIV>
      <PID>22052</PID>
      <ID>22016
	</ID>
    </USERPRIV>
    <USERPRIV>
      <PID>22055</PID>
      <ID>22016
	</ID>
    </USERPRIV>
    <USERPRIV>
      <PID>22058</PID>
      <ID>22017
	</ID>
    </USERPRIV>
  </ENTRIES>
</DB>