
<tns:photodb xmlns:tns="http://www.example.org/pennphoto" xmlns:xsi="http://www.w3.org/2001/XMLSchema-instance" xsi:schemaLocation="http://www.example.org/pennphoto PennPhoto_Nov21.xsd ">
	<tns:student>
		<tns:id>18001</tns:id>
		<tns:first_name>Mingyu</tns:first_name>
		<tns:last_name>Liu</tns:last_name>
		<tns:email>mingyu.liu@upenn.edu</tns:email>
		<tns:age>24</tns:age>
		<tns:gender>M</tns:gender>
		<tns:account_id>ming</tns:account_id>
		<tns:password>yu</tns:password>
		<tns:account_status>E</tns:account_status>
		<tns:photo>
			<tns:photoID>1</tns:photoID>
			<tns:url>http://upload.wikimedia.org/wikipedia/commons/4/4c/Asian_elephant_-_melbourne_zoo.jpg</tns:url>
			<tns:description>null</tns:description>
			<tns:upload_time>null</tns:upload_time>
			<tns:rating>
				<tns:score>8</tns:score>
				<tns:rater>18019</tns:rater>
			</tns:rating>
			<tns:rating>
				<tns:score>10</tns:score>
				<tns:rater>18020</tns:rater>
			</tns:rating>
			<tns:tagging>
				<tns:tag>Animal</tns:tag>
				<tns:tagger>18020</tns:tagger>
			</tns:tagging>
		</tns:photo>
		<tns:photo>
			<tns:photoID>2</tns:photoID>
			<tns:url>http://upload.wikimedia.org/wikipedia/commons/thumb/0/08/Young_Maasai_Giraffes.jpg/200px-Young_Maasai_Giraffes.jpg</tns:url>
			<tns:description>null</tns:description>
			<tns:upload_time>null</tns:upload_time>
			<tns:rating>
				<tns:score>9</tns:score>
				<tns:rater>18020</tns:rater>
			</tns:rating>
			<tns:tagging>
				<tns:tag>Animal</tns:tag>
				<tns:tagger>18019</tns:tagger>
			</tns:tagging>
		</tns:photo>
		<tns:circle>
			<tns:name>Friends</tns:name>
			<tns:containsFriend>
				<tns:friend_id>18002</tns:friend_id>
			</tns:containsFriend>
			<tns:containsFriend>
				<tns:friend_id>18003</tns:friend_id>
			</tns:containsFriend>
			<tns:containsFriend>
				<tns:friend_id>18004</tns:friend_id>
			</tns:containsFriend>
			<tns:containsFriend>
				<tns:friend_id>18005</tns:friend_id>
			</tns:containsFriend>
		</tns:circle>
		<tns:viewablePhoto>
			<tns:photo_id>4</tns:photo_id>
		</tns:viewablePhoto>
		<tns:year>2012</tns:year>
		<tns:major>CIT</tns:major>
		<tns:GPA>3.95</tns:GPA>
		<tns:advisor>18005</tns:advisor>
		<tns:academic_institution>Penn</tns:academic_institution>
	</tns:student>
	<tns:student>
		<tns:id>18002</tns:id>
		<tns:first_name>Shi</tns:first_name>
		<tns:last_name>He</tns:last_name>
		<tns:email>shi.he@upenn.edu</tns:email>
		<tns:age>20</tns:age>
		<tns:gender>F</tns:gender>
		<tns:account_id>daisy</tns:account_id>
		<tns:password>shi</tns:password>
		<tns:account_status>E</tns:account_status>
		<tns:photo>
			<tns:photoID>3</tns:photoID>
			<tns:url>http://upload.wikimedia.org/wikipedia/commons/f/f3/Loxodontacyclotis.jpg</tns:url>
			<tns:description>null</tns:description>
			<tns:upload_time>null</tns:upload_time>
		</tns:photo>
		<tns:circle>
			<tns:name>Friends</tns:name>
			<tns:containsFriend>
				<tns:friend_id>18007</tns:friend_id>
			</tns:containsFriend>
			<tns:containsFriend>
				<tns:friend_id>18008</tns:friend_id>
			</tns:containsFriend>
			<tns:containsFriend>
				<tns:friend_id>18009</tns:friend_id>
			</tns:containsFriend>
			<tns:containsFriend>
				<tns:friend_id>18010</tns:friend_id>
			</tns:containsFriend>
			<tns:containsFriend>
				<tns:friend_id>18011</tns:friend_id>
			</tns:containsFriend>
		</tns:circle>
		<tns:viewablePhoto>
			<tns:photo_id>4</tns:photo_id>
		</tns:viewablePhoto>
		<tns:viewablePhoto>
			<tns:photo_id>1</tns:photo_id>
		</tns:viewablePhoto>
		<tns:year>2012</tns:year>
		<tns:major>CIT</tns:major>
		<tns:GPA>3.96</tns:GPA>
		<tns:advisor>18005</tns:advisor>
		<tns:academic_institution>Penn</tns:academic_institution>
	</tns:student>
	<tns:student>
		<tns:id>18003</tns:id>
		<tns:first_name>Jingwen</tns:first_name>
		<tns:last_name>Yang</tns:last_name>
		<tns:email>jingwen.yang@upenn.edu</tns:email>
		<tns:age>20</tns:age>
		<tns:gender>F</tns:gender>
		<tns:account_id>jinnie</tns:account_id>
		<tns:password>wen</tns:password>
		<tns:account_status>E</tns:account_status>
		<tns:photo>
			<tns:photoID>4</tns:photoID>
			<tns:url>http://upload.wikimedia.org/wikipedia/commons/3/34/Indian_Palm_Squirrel_Portrait.jpg</tns:url>
			<tns:description>null</tns:description>
			<tns:upload_time>null</tns:upload_time>
		</tns:photo>
		<tns:circle>
			<tns:name>Friends</tns:name>
			<tns:containsFriend>
				<tns:friend_id>18012</tns:friend_id>
			</tns:containsFriend>
			<tns:containsFriend>
				<tns:friend_id>18013</tns:friend_id>
			</tns:containsFriend>
		</tns:circle>
		<tns:viewablePhoto>
			<tns:photo_id>4</tns:photo_id>
		</tns:viewablePhoto>
		<tns:viewablePhoto>
			<tns:photo_id>1</tns:photo_id>
		</tns:viewablePhoto>
		<tns:year>2012</tns:year>
		<tns:major>CIT</tns:major>
		<tns:GPA>3.97</tns:GPA>
		<tns:advisor>18005</tns:advisor>
		<tns:academic_institution>Penn</tns:academic_institution>
	</tns:student>
	<tns:student>
		<tns:id>18004</tns:id>
		<tns:first_name>Chao</tns:first_name>
		<tns:last_name>Zhang</tns:last_name>
		<tns:email>chao.zhang@upenn.edu</tns:email>
		<tns:age>24</tns:age>
		<tns:gender>M</tns:gender>
		<tns:account_id>chao</tns:account_id>
		<tns:password>chao</tns:password>
		<tns:account_status>E</tns:account_status>
		<tns:circle>
			<tns:name>Friends</tns:name>
			<tns:containsFriend>
				<tns:friend_id>18014</tns:friend_id>
			</tns:containsFriend>
			<tns:containsFriend>
				<tns:friend_id>18015</tns:friend_id>
			</tns:containsFriend>
		</tns:circle>
		<tns:viewablePhoto>
			<tns:photo_id>4</tns:photo_id>
		</tns:viewablePhoto>
		<tns:viewablePhoto>
			<tns:photo_id>1</tns:photo_id>
		</tns:viewablePhoto>
		<tns:year>2012</tns:year>
		<tns:major>CIT</tns:major>
		<tns:GPA>3.98</tns:GPA>
		<tns:advisor>18005</tns:advisor>
		<tns:academic_institution>Penn</tns:academic_institution>
	</tns:student>
	<tns:student>
		<tns:id>18006</tns:id>
		<tns:first_name>Zhepeng</tns:first_name>
		<tns:last_name>Yan</tns:last_name>
		<tns:email>zhepeng.yan@upenn.edu</tns:email>
		<tns:age>25</tns:age>
		<tns:gender>M</tns:gender>
		<tns:account_id>allen</tns:account_id>
		<tns:password>peng</tns:password>
		<tns:account_status>E</tns:account_status>
		<tns:viewablePhoto>
			<tns:photo_id>4</tns:photo_id>
		</tns:viewablePhoto>
		<tns:year>2014</tns:year>
		<tns:major>CIS</tns:major>
		<tns:GPA>3.99</tns:GPA>
		<tns:advisor>18005</tns:advisor>
		<tns:academic_institution>Penn</tns:academic_institution>
	</tns:student>
	<tns:student>
		<tns:id>18012</tns:id>
		<tns:first_name>Michael</tns:first_name>
		<tns:last_name>Jordan</tns:last_name>
		<tns:email>michael.jordan@upenn.edu</tns:email>
		<tns:age>54</tns:age>
		<tns:gender>M</tns:gender>
		<tns:account_id>michael</tns:account_id>
		<tns:password>jeffrey</tns:password>
		<tns:account_status>E</tns:account_status>
		<tns:viewablePhoto>
			<tns:photo_id>4</tns:photo_id>
		</tns:viewablePhoto>
		<tns:viewablePhoto>
			<tns:photo_id>1</tns:photo_id>
		</tns:viewablePhoto>
		<tns:year>2014</tns:year>
		<tns:major>BASKETBALL</tns:major>
		<tns:GPA>2</tns:GPA>
		<tns:advisor>18007</tns:advisor>
		<tns:academic_institution>Penn</tns:academic_institution>
	</tns:student>
	<tns:student>
		<tns:id>18013</tns:id>
		<tns:first_name>Condoleezza</tns:first_name>
		<tns:last_name>Rice</tns:last_name>
		<tns:email>condoleezza.rice@upenn.edu</tns:email>
		<tns:age>42</tns:age>
		<tns:gender>F</tns:gender>
		<tns:account_id>condo</tns:account_id>
		<tns:password>leezza</tns:password>
		<tns:account_status>E</tns:account_status>
		<tns:viewablePhoto>
			<tns:photo_id>4</tns:photo_id>
		</tns:viewablePhoto>
		<tns:viewablePhoto>
			<tns:photo_id>1</tns:photo_id>
		</tns:viewablePhoto>
		<tns:year>2013</tns:year>
		<tns:major>POLITICS</tns:major>
		<tns:GPA>4</tns:GPA>
		<tns:advisor>18008</tns:advisor>
		<tns:academic_institution>Penn</tns:academic_institution>
	</tns:student>
	<tns:student>
		<tns:id>18014</tns:id>
		<tns:first_name>George</tns:first_name>
		<tns:last_name>Bush</tns:last_name>
		<tns:email>george.bush@upenn.edu</tns:email>
		<tns:age>52</tns:age>
		<tns:gender>M</tns:gender>
		<tns:account_id>george</tns:account_id>
		<tns:password>walker</tns:password>
		<tns:account_status>E</tns:account_status>
		<tns:viewablePhoto>
			<tns:photo_id>4</tns:photo_id>
		</tns:viewablePhoto>
		<tns:viewablePhoto>
			<tns:photo_id>1</tns:photo_id>
		</tns:viewablePhoto>
		<tns:viewablePhoto>
			<tns:photo_id>2</tns:photo_id>
		</tns:viewablePhoto>
		<tns:year>2013</tns:year>
		<tns:major>POLITICS</tns:major>
		<tns:GPA>1</tns:GPA>
		<tns:advisor>18008</tns:advisor>
		<tns:academic_institution>Penn</tns:academic_institution>
	</tns:student>
	<tns:student>
		<tns:id>18015</tns:id>
		<tns:first_name>John</tns:first_name>
		<tns:last_name>McCain</tns:last_name>
		<tns:email>john.mccain@upenn.edu</tns:email>
		<tns:age>72</tns:age>
		<tns:gender>M</tns:gender>
		<tns:account_id>john2</tns:account_id>
		<tns:password>sidney</tns:password>
		<tns:account_status>E</tns:account_status>
		<tns:viewablePhoto>
			<tns:photo_id>4</tns:photo_id>
		</tns:viewablePhoto>
		<tns:viewablePhoto>
			<tns:photo_id>2</tns:photo_id>
		</tns:viewablePhoto>
		<tns:year>2016</tns:year>
		<tns:major>POLITICS</tns:major>
		<tns:GPA>2.4</tns:GPA>
		<tns:advisor>18009</tns:advisor>
		<tns:academic_institution>Penn</tns:academic_institution>
	</tns:student>
	<tns:student>
		<tns:id>18016</tns:id>
		<tns:first_name>Sarah</tns:first_name>
		<tns:last_name>Palin</tns:last_name>
		<tns:email>sarah.palin@upenn.edu</tns:email>
		<tns:age>41</tns:age>
		<tns:gender>F</tns:gender>
		<tns:account_id>sarah</tns:account_id>
		<tns:password>louise</tns:password>
		<tns:account_status>E</tns:account_status>
		<tns:viewablePhoto>
			<tns:photo_id>4</tns:photo_id>
		</tns:viewablePhoto>
		<tns:year>2018</tns:year>
		<tns:major>POLITICS</tns:major>
		<tns:GPA>2.8</tns:GPA>
		<tns:advisor>18010</tns:advisor>
		<tns:academic_institution>Penn</tns:academic_institution>
	</tns:student>
	<tns:student>
		<tns:id>18017</tns:id>
		<tns:first_name>Mark</tns:first_name>
		<tns:last_name>Zuckerberg</tns:last_name>
		<tns:email>mark.zuckerberg@upenn.edu</tns:email>
		<tns:age>26</tns:age>
		<tns:gender>M</tns:gender>
		<tns:account_id>mark</tns:account_id>
		<tns:password>elliot</tns:password>
		<tns:account_status>E</tns:account_status>
		<tns:viewablePhoto>
			<tns:photo_id>4</tns:photo_id>
		</tns:viewablePhoto>
		<tns:year>2000</tns:year>
		<tns:major>CS</tns:major>
		<tns:GPA>3.8</tns:GPA>
		<tns:advisor>18010</tns:advisor>
		<tns:academic_institution>Penn</tns:academic_institution>
	</tns:student>
	<tns:student>
		<tns:id>18018</tns:id>
		<tns:first_name>William</tns:first_name>
		<tns:last_name>Gates</tns:last_name>
		<tns:email>bill.gates@upenn.edu</tns:email>
		<tns:age>25</tns:age>
		<tns:gender>F</tns:gender>
		<tns:account_id>bill</tns:account_id>
		<tns:password>henry</tns:password>
		<tns:account_status>E</tns:account_status>
		<tns:viewablePhoto>
			<tns:photo_id>4</tns:photo_id>
		</tns:viewablePhoto>
		<tns:viewablePhoto>
			<tns:photo_id>3</tns:photo_id>
		</tns:viewablePhoto>
		<tns:year>2001</tns:year>
		<tns:major>CS</tns:major>
		<tns:GPA>3.8</tns:GPA>
		<tns:advisor>18010</tns:advisor>
		<tns:academic_institution>Penn</tns:academic_institution>
	</tns:student>
	<tns:student>
		<tns:id>18019</tns:id>
		<tns:first_name>Steve</tns:first_name>
		<tns:last_name>Jobs</tns:last_name>
		<tns:email>steve.jobs@upenn.edu</tns:email>
		<tns:age>23</tns:age>
		<tns:gender>M</tns:gender>
		<tns:account_id>steve</tns:account_id>
		<tns:password>job</tns:password>
		<tns:account_status>E</tns:account_status>
		<tns:viewablePhoto>
			<tns:photo_id>4</tns:photo_id>
		</tns:viewablePhoto>
		<tns:year>2002</tns:year>
		<tns:major>CS</tns:major>
		<tns:GPA>3.8</tns:GPA>
		<tns:advisor>18011</tns:advisor>
		<tns:academic_institution>Penn</tns:academic_institution>
	</tns:student>
	<tns:student>
		<tns:id>18020</tns:id>
		<tns:first_name>Larry</tns:first_name>
		<tns:last_name>Page</tns:last_name>
		<tns:email>larry.page@upenn.edu</tns:email>
		<tns:age>28</tns:age>
		<tns:gender>M</tns:gender>
		<tns:account_id>larry</tns:account_id>
		<tns:password>arry</tns:password>
		<tns:account_status>E</tns:account_status>
		<tns:viewablePhoto>
			<tns:photo_id>4</tns:photo_id>
		</tns:viewablePhoto>
		<tns:year>2004</tns:year>
		<tns:major>CS</tns:major>
		<tns:GPA>3.2</tns:GPA>
		<tns:advisor>18011</tns:advisor>
		<tns:academic_institution>Penn</tns:academic_institution>
	</tns:student>
	<tns:professor>
		<tns:id>18005</tns:id>
		<tns:first_name>Zachary</tns:first_name>
		<tns:last_name>Ives</tns:last_name>
		<tns:email>zachary.ives@upenn.edu</tns:email>
		<tns:age>34</tns:age>
		<tns:gender>M</tns:gender>
		<tns:account_id>zack</tns:account_id>
		<tns:password>ary</tns:password>
		<tns:account_status>E</tns:account_status>
		<tns:circle>
			<tns:name>Friends</tns:name>
			<tns:containsFriend>
				<tns:friend_id>18016</tns:friend_id>
			</tns:containsFriend>
			<tns:containsFriend>
				<tns:friend_id>18017</tns:friend_id>
			</tns:containsFriend>
			<tns:containsFriend>
				<tns:friend_id>18018</tns:friend_id>
			</tns:containsFriend>
		</tns:circle>
		<tns:viewablePhoto>
			<tns:photo_id>4</tns:photo_id>
		</tns:viewablePhoto>
		<tns:viewablePhoto>
			<tns:photo_id>1</tns:photo_id>
		</tns:viewablePhoto>
		<tns:title>Professor</tns:title>
		<tns:roomNumber>101</tns:roomNumber>
		<tns:researchArea>DB</tns:researchArea>
		<tns:advises>
			<tns:advisee>18001</tns:advisee>
			<tns:yearsAdvised>1</tns:yearsAdvised>
		</tns:advises>
		<tns:advises>
			<tns:advisee>18002</tns:advisee>
			<tns:yearsAdvised>1</tns:yearsAdvised>
		</tns:advises>
		<tns:advises>
			<tns:advisee>18003</tns:advisee>
			<tns:yearsAdvised>1</tns:yearsAdvised>
		</tns:advises>
		<tns:advises>
			<tns:advisee>18004</tns:advisee>
			<tns:yearsAdvised>1</tns:yearsAdvised>
		</tns:advises>
		<tns:advises>
			<tns:advisee>18006</tns:advisee>
			<tns:yearsAdvised>1</tns:yearsAdvised>
		</tns:advises>
	</tns:professor>
	<tns:professor>
		<tns:id>18007</tns:id>
		<tns:first_name>Barack</tns:first_name>
		<tns:last_name>Obama</tns:last_name>
		<tns:email>barack.obama@upenn.edu</tns:email>
		<tns:age>35</tns:age>
		<tns:gender>M</tns:gender>
		<tns:account_id>hussein</tns:account_id>
		<tns:password>bama</tns:password>
		<tns:account_status>E</tns:account_status>
		<tns:viewablePhoto>
			<tns:photo_id>4</tns:photo_id>
		</tns:viewablePhoto>
		<tns:viewablePhoto>
			<tns:photo_id>2</tns:photo_id>
		</tns:viewablePhoto>
		<tns:title>Professor</tns:title>
		<tns:roomNumber>102</tns:roomNumber>
		<tns:researchArea>AI</tns:researchArea>
		<tns:advises>
			<tns:advisee>18012</tns:advisee>
			<tns:yearsAdvised>2</tns:yearsAdvised>
		</tns:advises>
	</tns:professor>
	<tns:professor>
		<tns:id>18008</tns:id>
		<tns:first_name>Hillary</tns:first_name>
		<tns:last_name>Clinton</tns:last_name>
		<tns:email>hillary.clinton@upenn.edu</tns:email>
		<tns:age>45</tns:age>
		<tns:gender>F</tns:gender>
		<tns:account_id>hillary</tns:account_id>
		<tns:password>lary</tns:password>
		<tns:account_status>E</tns:account_status>
		<tns:viewablePhoto>
			<tns:photo_id>4</tns:photo_id>
		</tns:viewablePhoto>
		<tns:viewablePhoto>
			<tns:photo_id>2</tns:photo_id>
		</tns:viewablePhoto>
		<tns:title>Associate Professor</tns:title>
		<tns:roomNumber>103</tns:roomNumber>
		<tns:researchArea>AI</tns:researchArea>
		<tns:advises>
			<tns:advisee>18013</tns:advisee>
			<tns:yearsAdvised>3</tns:yearsAdvised>
		</tns:advises>
		<tns:advises>
			<tns:advisee>18014</tns:advisee>
			<tns:yearsAdvised>3</tns:yearsAdvised>
		</tns:advises>
	</tns:professor>
	<tns:professor>
		<tns:id>18009</tns:id>
		<tns:first_name>Joseph</tns:first_name>
		<tns:last_name>Biden</tns:last_name>
		<tns:email>joe.biden@upenn.edu</tns:email>
		<tns:age>65</tns:age>
		<tns:gender>M</tns:gender>
		<tns:account_id>joe</tns:account_id>
		<tns:password>robinette</tns:password>
		<tns:account_status>E</tns:account_status>
		<tns:viewablePhoto>
			<tns:photo_id>4</tns:photo_id>
		</tns:viewablePhoto>
		<tns:viewablePhoto>
			<tns:photo_id>2</tns:photo_id>
		</tns:viewablePhoto>
		<tns:title>Associate Professor</tns:title>
		<tns:roomNumber>104</tns:roomNumber>
		<tns:researchArea>DB</tns:researchArea>
		<tns:advises>
			<tns:advisee>18015</tns:advisee>
			<tns:yearsAdvised>10</tns:yearsAdvised>
		</tns:advises>
	</tns:professor>
	<tns:professor>
		<tns:id>18010</tns:id>
		<tns:first_name>John</tns:first_name>
		<tns:last_name>Kennedy</tns:last_name>
		<tns:email>john.kennedy@upenn.edu</tns:email>
		<tns:age>75</tns:age>
		<tns:gender>M</tns:gender>
		<tns:account_id>john</tns:account_id>
		<tns:password>jack</tns:password>
		<tns:account_status>E</tns:account_status>
		<tns:viewablePhoto>
			<tns:photo_id>4</tns:photo_id>
		</tns:viewablePhoto>
		<tns:viewablePhoto>
			<tns:photo_id>2</tns:photo_id>
		</tns:viewablePhoto>
		<tns:title>Associate Professor</tns:title>
		<tns:roomNumber>105</tns:roomNumber>
		<tns:researchArea>DB</tns:researchArea>
		<tns:advises>
			<tns:advisee>18016</tns:advisee>
			<tns:yearsAdvised>10</tns:yearsAdvised>
		</tns:advises>
		<tns:advises>
			<tns:advisee>18017</tns:advisee>
			<tns:yearsAdvised>10</tns:yearsAdvised>
		</tns:advises>
		<tns:advises>
			<tns:advisee>18018</tns:advisee>
			<tns:yearsAdvised>5</tns:yearsAdvised>
		</tns:advises>
	</tns:professor>
	<tns:professor>
		<tns:id>18011</tns:id>
		<tns:first_name>Dwight</tns:first_name>
		<tns:last_name>Eisenhower</tns:last_name>
		<tns:email>dwight.eisenhower@upenn.edu</tns:email>
		<tns:age>85</tns:age>
		<tns:gender>M</tns:gender>
		<tns:account_id>dwight</tns:account_id>
		<tns:password>right</tns:password>
		<tns:account_status>E</tns:account_status>
		<tns:viewablePhoto>
			<tns:photo_id>4</tns:photo_id>
		</tns:viewablePhoto>
		<tns:viewablePhoto>
			<tns:photo_id>2</tns:photo_id>
		</tns:viewablePhoto>
		<tns:title>Assistant Professor</tns:title>
		<tns:roomNumber>106</tns:roomNumber>
		<tns:researchArea>ML</tns:researchArea>
		<tns:advises>
			<tns:advisee>18019</tns:advisee>
			<tns:yearsAdvised>5</tns:yearsAdvised>
		</tns:advises>
		<tns:advises>
			<tns:advisee>18020</tns:advisee>
			<tns:yearsAdvised>7</tns:yearsAdvised>
		</tns:advises>
	</tns:professor>
</tns:photodb>