
<photodb xmlns="http://www.example.org/NewXMLSchema" xmlns:xsi="http://www.w3.org/2001/XMLSchema-instance" xsi:schemaLocation="http://www.example.org/NewXMLSchema NewXMLSchema.xsd ">
  <user>
    <userID>22000</userID>
    <first_name>Ana</first_name>
    <last_name>Vladan</last_name>
    <email>Ana@email.com</email>
    <birthdate>1965-05-11</birthdate>
    <gender>F</gender>
    <address>40 Powelton Avenue, Philadelphia, PA</address>
    <institution>
      <name>San Diego State</name>
      <start_year>1985</start_year>
      <end_year>1990</end_year>
    </institution>
    <photo>
      <photoID>22000</photoID>
      <url>http://image.just-download.com/img/data_images/2011/05/16/1305541956-link-shell-extension1.png?w=200</url>
      <rating>
        <score>1</score>
        <rater>22001</rater>
      </rating>
      <tag>
        <tag_description>bad</tag_description>
        <tagger>22001</tagger>
      </tag>
      <visibility>
	<userID>22001
	</userID>
	<userID>22004
	</userID>
      </visibility>
    </photo>
    <photo>
      <photoID>22001</photoID>
      <url>http://image.just-download.com/img/data_images/2011/05/16/1305541956-link-shell-extension1.png?w=201</url>
      <rating>
        <score>3</score>
        <rater>22001</rater>
      </rating>
      <tag>
        <tag_description>Nice</tag_description>
        <tagger>22001</tagger>
      </tag>
      <visibility>
	<circleID>22001
	</circleID>
	<circleID>22000
	</circleID>
      </visibility>
    </photo>
    <photo>
      <photoID>22002</photoID>
      <url>http://image.just-download.com/img/data_images/2011/05/16/1305541956-link-shell-extension1.png?w=202</url>
      <rating>
        <score>5</score>
        <rater>22004</rater>
      </rating>
      <tag>
        <tag_description>Superb</tag_description>
        <tagger>22004</tagger>
      </tag>
    </photo>
    <circle>
      <cid>22000</cid>
      <cname>University</cname>
      <containsFriend>22001</containsFriend>
      <containsFriend>22002</containsFriend>
      <containsFriend>22003</containsFriend>
      <containsFriend>22004</containsFriend>
    </circle>
    <circle>
      <cid>22001</cid>
      <cname>University</cname>
      <containsFriend>22001</containsFriend>
      <containsFriend>22002</containsFriend>
    </circle>
    <circle>
      <cid>22002</cid>
      <cname>Neighbors</cname>
      <containsFriend>22003</containsFriend>
      <containsFriend>22004</containsFriend>
    </circle>
    <login>
      <username>username0</username>
      <password>password0</password>
    </login>
    <interest>chess</interest>
    <interest>soccer</interest>
    <interest>football</interest>
    <professor>
      <room_no>GRW 316</room_no>
      <research>Database</research>
      <title>Professor</title>
      <adviseeID>22005</adviseeID>
    </professor>

  </user>
  
  <user>
    <userID>22001</userID>
    <first_name>Arielle</first_name>
    <last_name>Farner</last_name>
    <email>Arielle@email.com</email>
    <birthdate>1960-05-11</birthdate>
    <gender>F</gender>
    <address>1330 Market Street, New York, NY</address>
    <institution>
      <name>PennState</name>
      <start_year>1983</start_year>
      <end_year>1988</end_year>
    </institution>
    <institution>
      <name>PennState</name>
      <start_year>2007</start_year>
      <end_year>2012</end_year>
    </institution>
    
    <photo>
      <photoID>22004</photoID>
      <url>http://image.just-download.com/img/data_images/2011/05/16/1305541956-link-shell-extension1.png?w=203</url>
      <rating>
        <score>1</score>
        <rater>22000</rater>
      </rating>
      <tag>
        <tag_description>bad</tag_description>
        <tagger>22000</tagger>
      </tag>
      <visibility>
	<userID>22000
	</userID>
      </visibility>
    </photo>
    <photo>
      <photoID>22005</photoID>
      <url>http://image.just-download.com/img/data_images/2011/05/16/1305541956-link-shell-extension1.png?w=204</url>
      <rating>
        <score>3</score>
        <rater>22002</rater>
      </rating>
      <tag>
        <tag_description>nice</tag_description>
        <tagger>22002</tagger>
      </tag>
      <visibility>
	<circleID>22003
	</circleID>
      </visibility>
    </photo>
    <photo>
      <photoID>22006</photoID>
      <url>http://image.just-download.com/img/data_images/2011/05/16/1305541956-link-shell-extension1.png?w=205</url>
      <rating>
        <score>5</score>
        <rater>22004</rater>
      </rating>
      <tag>
        <tag_description>superb</tag_description>
        <tagger>22004</tagger>
      </tag>
    </photo>
        <circle>
      <cid>22003</cid>
      <cname>University</cname>
      <containsFriend>22000</containsFriend>
      <containsFriend>22002</containsFriend>
      <containsFriend>22003</containsFriend>
      <containsFriend>22004</containsFriend>
    </circle>
    
    <circle>
      <cid>22004</cid>
      <cname>University</cname>
      <containsFriend>22000</containsFriend>
      <containsFriend>22002</containsFriend>
    </circle>
    <circle>
      <cid>22005</cid>
      <cname>Neighbors</cname>
      <containsFriend>22003</containsFriend>
      <containsFriend>22004</containsFriend>
    </circle>
    <login>
      <username>username1</username>
      <password>password</password>
    </login>
    <interest>reading</interest>
    <interest>surfing</interest>
    <interest>programming</interest>
    <professor>
      <room_no>LMR 12</room_no>
      <research>Algorithm</research>
      <title>Assistant Professor</title>
      <adviseeID>22006</adviseeID>
    </professor>

  </user>

  <user>
    <userID>22002</userID>
    <first_name>Matt</first_name>
    <last_name>Carey</last_name>
    <email>Matt@email.com</email>
    <birthdate>1952-07-21</birthdate>
    <gender>M</gender>
    <address>1700 Walnut Street, Jersey City, NJ</address>
    <institution>
      <name>MIT</name>
      <start_year>1975</start_year>
      <end_year>1982</end_year>
    </institution>
    <photo>
      <photoID>22007</photoID>
      <url>http://image.just-download.com/img/data_images/2011/05/16/1305541956-link-shell-extension1.png?w=206</url>
      <rating>
        <score>1</score>
        <rater>22001</rater>
      </rating>
      <tag>
        <tag_description>bad</tag_description>
        <tagger>22001</tagger>
      </tag>
      <visibility>
	<userID>22001
	</userID>
      </visibility>
    </photo>
    <photo>
      <photoID>22008</photoID>
      <url>http://image.just-download.com/img/data_images/2011/05/16/1305541956-link-shell-extension1.png?w=207</url>
      <rating>
        <score>3</score>
        <rater>22001</rater>
      </rating>
      <tag>
        <tag_description>nice</tag_description>
        <tagger>22001</tagger>
      </tag>
      <visibility>
	<circleID>22006
	</circleID>
      </visibility>
    </photo>
    <photo>
      <photoID>22009</photoID>
      <url>http://image.just-download.com/img/data_images/2011/05/16/1305541956-link-shell-extension1.png?w=208</url>
      <rating>
        <score>5</score>
        <rater>22000</rater>
      </rating>
      <tag>
        <tag_description>superb</tag_description>
        <tagger>22000</tagger>
      </tag>
    </photo>
        <circle>
      <cid>22006</cid>
      <cname>University</cname>
      <containsFriend>22001</containsFriend>
      <containsFriend>22000</containsFriend>
      <containsFriend>22003</containsFriend>
      <containsFriend>22004</containsFriend>
    </circle>
    
    <circle>
      <cid>22007</cid>
      <cname>University</cname>
      <containsFriend>22000</containsFriend>
      <containsFriend>22001</containsFriend>
    </circle>
    <circle>
      <cid>22008</cid>
      <cname>Neighbors</cname>
      <containsFriend>22003</containsFriend>
      <containsFriend>22004</containsFriend>
    </circle>
    <login>
      <username>username2</username>
      <password>password</password>
    </login>
    <interest>facebook</interest>
    <interest>algorithms</interest>
    <interest>cricket</interest>
    <professor>
      <room_no>LEV 445</room_no>
      <research>Machine Learning</research>
      <title>Dean</title>
      <adviseeID>22007</adviseeID>
    </professor>

  </user>

  <user>
    <userID>22003</userID>
    <first_name>Rob</first_name>
    <last_name>Marco</last_name>
    <email>Rob@email.com</email>
    <birthdate>1972-05-11</birthdate>
    <gender>F</gender>
    <address>2525 Locust Street, Reston, VA</address>
    <institution>
      <name>UCLA</name>
      <start_year>1993</start_year>
      <end_year>1997</end_year>
    </institution>
    <institution>
      <name>Yale</name>
      <start_year>2005</start_year>
      <end_year>2011</end_year>
    </institution>
    <photo>
      <photoID>22010</photoID>
      <url>http://image.just-download.com/img/data_images/2011/05/16/1305541956-link-shell-extension1.png?w=209</url>
      <rating>
        <score>1</score>
        <rater>22002</rater>
      </rating>
      <tag>
        <tag_description>bad</tag_description>
        <tagger>22002</tagger>
      </tag>
      <visibility>
	<userID>22002
	</userID>
      </visibility>
    </photo>
    <photo>
      <photoID>22011</photoID>
      <url>http://image.just-download.com/img/data_images/2011/05/16/1305541956-link-shell-extension1.png?w=210</url>
      <rating>
        <score>3</score>
        <rater>22001</rater>
      </rating>
      <tag>
        <tag_description>nice</tag_description>
        <tagger>22001</tagger>
      </tag>
      <visibility>
	<circleID>22009
	</circleID>
      </visibility>
    </photo>
    <photo>
      <photoID>22012</photoID>
      <url>http://image.just-download.com/img/data_images/2011/05/16/1305541956-link-shell-extension1.png?w=211</url>
      <rating>
        <score>3</score>
        <rater>22002</rater>
      </rating>
      <tag>
        <tag_description>good</tag_description>
        <tagger>22002</tagger>
      </tag>
    </photo>
        <circle>
      <cid>22009</cid>
      <cname>University</cname>
      <containsFriend>22001</containsFriend>
      <containsFriend>22002</containsFriend>
      <containsFriend>22000</containsFriend>
      <containsFriend>22004</containsFriend>
    </circle>
    
    <circle>
      <cid>22010</cid>
      <cname>University</cname>
      <containsFriend>22001</containsFriend>
      <containsFriend>22002</containsFriend>
    </circle>
    <circle>
      <cid>22011</cid>
      <cname>Neighbors</cname>
      <containsFriend>22000</containsFriend>
      <containsFriend>22004</containsFriend>
    </circle>
    <login>
      <username>username3</username>
      <password>password</password>
    </login>
    <interest>soccer</interest>
    <interest>badminton</interest>
    <interest>database</interest>
    <professor>
      <room_no>LEV 45</room_no>
      <research>Robotics</research>
      <title>Lecturer</title>
      <adviseeID>22008</adviseeID>
    </professor>

  </user>

  <user>
    <userID>22004</userID>
    <first_name>Nate</first_name>
    <last_name>Dupret</last_name>
    <email>Nate@email.com</email>
    <birthdate>1955-02-01</birthdate>
    <gender>M</gender>
    <address>4120 Spruce Street, Pittsburg, PA</address>
    <institution>
      <name>Upenn</name>
      <start_year>1972</start_year>
      <end_year>1987</end_year>
    </institution>
    <photo>
      <photoID>22013</photoID>
      <url>http://image.just-download.com/img/data_images/2011/05/16/1305541956-link-shell-extension1.png?w=212</url>
      <rating>
        <score>1</score>
        <rater>22003</rater>
      </rating>
      <tag>
        <tag_description>bad</tag_description>
        <tagger>22003</tagger>
      </tag>
      <visibility>
	<userID>22003
	</userID>
      </visibility>
    </photo>
    <photo>
      <photoID>22014</photoID>
      <url>http://image.just-download.com/img/data_images/2011/05/16/1305541956-link-shell-extension1.png?w=213</url>
      <rating>
        <score>5</score>
        <rater>22001</rater>
      </rating>
      <tag>
        <tag_description>superb</tag_description>
        <tagger>22001</tagger>
      </tag>
      <visibility>
	<circleID>22012
	</circleID>
      </visibility>
    </photo>
    <photo>
      <photoID>22015</photoID>
      <url>http://image.just-download.com/img/data_images/2011/05/16/1305541956-link-shell-extension1.png?w=214</url>
      <rating>
        <score>1</score>
        <rater>22003</rater>
      </rating>
      <tag>
        <tag_description>bad</tag_description>
        <tagger>22003</tagger>
      </tag>
    </photo>
        <circle>
      <cid>22012</cid>
      <cname>University</cname>
      <containsFriend>22001</containsFriend>
      <containsFriend>22002</containsFriend>
      <containsFriend>22003</containsFriend>
      <containsFriend>22000</containsFriend>
    </circle>
    
    <circle>
      <cid>22013</cid>
      <cname>University</cname>
      <containsFriend>22001</containsFriend>
      <containsFriend>22002</containsFriend>
    </circle>
    <circle>
      <cid>22014</cid>
      <cname>Neighbors</cname>
      <containsFriend>22003</containsFriend>
      <containsFriend>22000</containsFriend>
      <containsFriend>22005</containsFriend>
    </circle>
    <login>
      <username>username4</username>
      <password>password</password>
    </login>
    <interest>database</interest>
    <interest>machine learning</interest>
    <interest>algorithms</interest>
    <professor>
      <room_no>VAN 12</room_no>
      <research>Wireless Networks</research>
      <title>Professor</title>
      <adviseeID>22009</adviseeID>
    </professor>

  </user>
  
  
  <user>
    <userID>22005</userID>
    <first_name>Aditya</first_name>
    <last_name>Minocha</last_name>
    <email>Aditya@email.com</email>
    <birthdate>1988-06-28</birthdate>
    <gender>M</gender>
    <address>3930 Pine Street, San Francisco, CA</address>
    <institution>
      <name>MIT</name>
      <start_year>2006</start_year>
      <end_year>2012</end_year>
    </institution>
    <photo>
      <photoID>22016</photoID>
      <url>http://image.just-download.com/img/data_images/2011/05/16/1305541956-link-shell-extension1.png?w=215</url>
      <rating>
        <score>1</score>
        <rater>22007</rater>
      </rating>
      <tag>
        <tag_description>bad</tag_description>
        <tagger>22007</tagger>
      </tag>
      <visibility>
	<userID>22007
	</userID>
      </visibility>
    </photo>
    <photo>
      <photoID>22017</photoID>
      <url>http://image.just-download.com/img/data_images/2011/05/16/1305541956-link-shell-extension1.png?w=216</url>
      <rating>
        <score>4</score>
        <rater>22006</rater>
      </rating>
      <tag>
        <tag_description>nice</tag_description>
        <tagger>22006</tagger>
      </tag>
      <visibility>
	<circleID>22015
	</circleID>
      </visibility>
    </photo>
    <photo>
      <photoID>22018</photoID>
      <url>http://image.just-download.com/img/data_images/2011/05/16/1305541956-link-shell-extension1.png?w=217</url>
      <rating>
        <score>2</score>
        <rater>22009</rater>
      </rating>
      <tag>
        <tag_description>fine</tag_description>
        <tagger>22009</tagger>
      </tag>
    </photo>
    <circle>
      <cid>22015</cid>
      <cname>default_22005</cname>
      <containsFriend>22006</containsFriend>
      <containsFriend>22007</containsFriend>
      <containsFriend>22008</containsFriend>
      <containsFriend>22009</containsFriend>
      <containsFriend>22004</containsFriend>
    </circle>
    <circle>
      <cid>22016</cid>
      <cname>family</cname>
      <containsFriend>22006</containsFriend>
      <containsFriend>22007</containsFriend>
      <containsFriend>22004</containsFriend>
    </circle>
    <circle>
      <cid>22017</cid>
      <cname>students</cname>
      <containsFriend>22008</containsFriend>
      <containsFriend>22009</containsFriend>
    </circle>
    <login>
      <username>username5</username>
      <password>password</password>
    </login>
    <interest>signal processing</interest>
    <interest>digital communications</interest>
    <interest>carrom</interest>
    <student>
      <current_year>5</current_year>
      <major>Tcom</major>
      <gpa>3.7</gpa>
      <advisor_email>Ana@email.com</advisor_email>
      <advisor_id>22000</advisor_id>
    </student>

  </user>

  <user>
    <userID>22006</userID>
    <first_name>Brinda</first_name>
    <last_name>Desai</last_name>
    <email>Brinda@email.com</email>
    <birthdate>1989-12-12</birthdate>
    <gender>F</gender>
    <address>4100 Baltimore Avenue, San Diego, CA</address>
    <institution>
      <name>NID</name>
      <start_year>2007</start_year>
      <end_year>2012</end_year>
    </institution>
    <photo>
      <photoID>22019</photoID>
      <url>http://image.just-download.com/img/data_images/2011/05/16/1305541956-link-shell-extension1.png?w=218</url>
      <rating>
        <score>1</score>
        <rater>22009</rater>
      </rating>
      <tag>
        <tag_description>bad</tag_description>
        <tagger>22009</tagger>
      </tag>
      <visibility>
	<userID>22009
	</userID>
      </visibility>
    </photo>
    <photo>
      <photoID>22020</photoID>
      <url>http://image.just-download.com/img/data_images/2011/05/16/1305541956-link-shell-extension1.png?w=219</url>
      <rating>
        <score>3</score>
        <rater>22008</rater>
      </rating>
      <tag>
        <tag_description>good</tag_description>
        <tagger>22008</tagger>
      </tag>
      <visibility>
	<circleID>22018
	</circleID>
      </visibility>
    </photo>
    <photo>
      <photoID>22021</photoID>
      <url>http://image.just-download.com/img/data_images/2011/05/16/1305541956-link-shell-extension1.png?w=220</url>
      <rating>
        <score>1</score>
        <rater>22005</rater>
      </rating>
      <tag>
        <tag_description>bad</tag_description>
        <tagger>22005</tagger>
      </tag>
    </photo>
    <circle>
      <cid>22018</cid>
      <cname>default_22006</cname>
      <containsFriend>22005</containsFriend>
      <containsFriend>22007</containsFriend>
      <containsFriend>22008</containsFriend>
      <containsFriend>22009</containsFriend>
    </circle>
    <circle>
      <cid>22019</cid>
      <cname>upenn</cname>
      <containsFriend>22005</containsFriend>
      <containsFriend>22007</containsFriend>
    </circle>
    <circle>
      <cid>22020</cid>
      <cname>neighbors</cname>
      <containsFriend>22008</containsFriend>
      <containsFriend>22009</containsFriend>
    </circle>
    <login>
      <username>username6</username>
      <password>password</password>
    </login>
    <interest>cricket</interest>
    <interest>soccer</interest>
    <interest>reading</interest>
    <student>
      <current_year>4</current_year>
      <major>Design</major>
      <gpa>3.9</gpa>
      <advisor_email>Arielle@email.com</advisor_email>
      <advisor_id>22001</advisor_id>
    </student>

  </user>

  <user>
    <userID>22007</userID>
    <first_name>Anand</first_name>
    <last_name>Thakkar</last_name>
    <email>Anand@email.com</email>
    <birthdate>1988-09-28</birthdate>
    <gender>M</gender>
    <address>4200 Chester Avenue, Santa Barbara, CA</address>
    <institution>
      <name>NYU</name>
      <start_year>2010</start_year>
      <end_year>2012</end_year>
    </institution>
    <photo>
      <photoID>22022</photoID>
      <url>http://image.just-download.com/img/data_images/2011/05/16/1305541956-link-shell-extension1.png?w=221</url>
      <rating>
        <score>1</score>
        <rater>22006</rater>
      </rating>
      <tag>
        <tag_description>bad</tag_description>
        <tagger>22006</tagger>
      </tag>
      <visibility>
	<userID>22006
	</userID>
      </visibility>
    </photo>
    <photo>
      <photoID>22023</photoID>
      <url>http://image.just-download.com/img/data_images/2011/05/16/1305541956-link-shell-extension1.png?w=222</url>
      <rating>
        <score>1</score>
        <rater>22005</rater>
      </rating>
      <tag>
        <tag_description>bad</tag_description>
        <tagger>22005</tagger>
      </tag>
      <visibility>
	<circleID>22022
	</circleID>
      </visibility>
    </photo>
    <photo>
      <photoID>22024</photoID>
      <url>http://image.just-download.com/img/data_images/2011/05/16/1305541956-link-shell-extension1.png?w=223</url>
      <rating>
        <score>5</score>
        <rater>22008</rater>
      </rating>
      <tag>
        <tag_description>superb</tag_description>
        <tagger>22008</tagger>
      </tag>
    </photo>
    <circle>
      <cid>22021</cid>
      <cname>default_22007</cname>
      <containsFriend>22006</containsFriend>
      <containsFriend>22005</containsFriend>
      <containsFriend>22008</containsFriend>
      <containsFriend>22009</containsFriend>
    </circle>
    <circle>
      <cid>22022</cid>
      <cname>friends</cname>
      <containsFriend>22006</containsFriend>
      <containsFriend>22005</containsFriend>
    </circle>
    <circle>
      <cid>22023</cid>
      <cname>neighbors</cname>
      <containsFriend>22008</containsFriend>
      <containsFriend>22009</containsFriend>
    </circle>
    <login>
      <username>username7</username>
      <password>password</password>
    </login>
    <interest>writing</interest>
    <interest>facebook</interest>
    <interest>myspace</interest>
    <student>
      <current_year>2</current_year>
      <major>Networks</major>
      <gpa>3.9</gpa>
      <advisor_email>Matt@email.com</advisor_email>
      <advisor_id>22002</advisor_id>
    </student>

  </user>

  <user>
    <userID>22008</userID>
    <first_name>Bhavik</first_name>
    <last_name>Shah</last_name>
    <email>Bhavik@email.com</email>
    <birthdate>1988-06-30</birthdate>
    <gender>M</gender>
    <address>1313 Levine Hall, Los Angeles, CA</address>
    <institution>
      <name>Upenn</name>
      <start_year>2010</start_year>
      <end_year>2013</end_year>
    </institution>
    <photo>
      <photoID>22025</photoID>
      <url>http://image.just-download.com/img/data_images/2011/05/16/1305541956-link-shell-extension1.png?w=224</url>
      <rating>
        <score>1</score>
        <rater>22006</rater>
      </rating>
      <tag>
        <tag_description>bad</tag_description>
        <tagger>22006</tagger>
      </tag>
      <visibility>
	<userID>22006
	</userID>
      </visibility>
    </photo>
    <photo>
      <photoID>22026</photoID>
      <url>http://image.just-download.com/img/data_images/2011/05/16/1305541956-link-shell-extension1.png?w=225</url>
      <rating>
        <score>4</score>
        <rater>22005</rater>
      </rating>
      <tag>
        <tag_description>nice</tag_description>
        <tagger>22005</tagger>
      </tag>
      <visibility>
	<circleID>22024
	</circleID>
      </visibility>
    </photo>
    <photo>
      <photoID>22027</photoID>
      <url>http://image.just-download.com/img/data_images/2011/05/16/1305541956-link-shell-extension1.png?w=226</url>
      <rating>
        <score>1</score>
        <rater>22006</rater>
      </rating>
      <tag>
        <tag_description>bad</tag_description>
        <tagger>22006</tagger>
      </tag>
    </photo>
    <circle>
      <cid>22024</cid>
      <cname>default_22008</cname>
      <containsFriend>22006</containsFriend>
      <containsFriend>22007</containsFriend>
      <containsFriend>22005</containsFriend>
      <containsFriend>22009</containsFriend>
    </circle>
    <circle>
      <cid>22025</cid>
      <cname>relations</cname>
      <containsFriend>22006</containsFriend>
      <containsFriend>22007</containsFriend>
    </circle>
    <circle>
      <cid>22026</cid>
      <cname>friends</cname>
      <containsFriend>22005</containsFriend>
      <containsFriend>22009</containsFriend>
    </circle>
    <login>
      <username>username8</username>
      <password>password</password>
    </login>
    <interest>photography</interest>
    <interest>soccer</interest>
    <student>
      <current_year>2</current_year>
      <major>CIS</major>
      <gpa>3.4</gpa>
      <advisor_email>Rob@email.com</advisor_email>
      <advisor_id>22003</advisor_id>
    </student>

  </user>

  <user>
    <userID>22009</userID>
    <first_name>Vishal</first_name>
    <last_name>Patel</last_name>
    <email>Vishal@email.com</email>
    <birthdate>1988-11-24</birthdate>
    <gender>M</gender>
    <address>543 Lincoln Drive,Seattle, WA</address>
    <institution>
      <name>BU</name>
      <start_year>2007</start_year>
      <end_year>2012</end_year>
    </institution>
    <photo>
      <photoID>22028</photoID>
      <url>http://image.just-download.com/img/data_images/2011/05/16/1305541956-link-shell-extension1.png?w=227</url>
      <rating>
        <score>1</score>
        <rater>22010</rater>
      </rating>
      <tag>
        <tag_description>bad</tag_description>
        <tagger>22010</tagger>
      </tag>
      <visibility>
	<userID>22010
	</userID>
      </visibility>
    </photo>
    <photo>
      <photoID>22029</photoID>
      <url>http://image.just-download.com/img/data_images/2011/05/16/1305541956-link-shell-extension1.png?w=228</url>
      <rating>
        <score>3</score>
        <rater>22005</rater>
      </rating>
      <tag>
        <tag_description>good</tag_description>
        <tagger>22005</tagger>
      </tag>
      <visibility>
	<circleID>22027
	</circleID>
      </visibility>
    </photo>
    <photo>
      <photoID>22030</photoID>
      <url>http://image.just-download.com/img/data_images/2011/05/16/1305541956-link-shell-extension1.png?w=229</url>
      <rating>
        <score>2</score>
        <rater>22006</rater>
      </rating>
      <tag>
        <tag_description>bad</tag_description>
        <tagger>22006</tagger>
      </tag>
    </photo>
    <circle>
      <cid>22027</cid>
      <cname>default_22009</cname>
      <containsFriend>22006</containsFriend>
      <containsFriend>22007</containsFriend>
      <containsFriend>22008</containsFriend>
      <containsFriend>22005</containsFriend>
      <containsFriend>22010</containsFriend>
    </circle>
    <circle>
      <cid>22028</cid>
      <cname>town</cname>
      <containsFriend>22006</containsFriend>
      <containsFriend>22007</containsFriend>
    </circle>
    <circle>
      <cid>22029</cid>
      <cname>family</cname>
      <containsFriend>22008</containsFriend>
      <containsFriend>22005</containsFriend>
      <containsFriend>22010</containsFriend>
    </circle>
    <login>
      <username>username9</username>
      <password>password</password>
    </login>
    <interest>badminton</interest>
    <student>
      <current_year>3</current_year>
      <major>Chemical</major>
      <gpa>3.7</gpa>
      <advisor_email>Nate@email.com</advisor_email>
      <advisor_id>22004</advisor_id>
    </student>

  </user>

  <user>
    <userID>22010</userID>
    <first_name>Xao</first_name>
    <last_name>Lee</last_name>
    <email>Xao@email.com</email>
    <birthdate>1975-01-01</birthdate>
    <gender>M</gender>
    <address>389 WestDrive, Philadelphia, PA</address>
    <institution>
      <name>Upenn</name>
      <start_year>1990</start_year>
      <end_year>1994</end_year>
    </institution>
    <institution>
      <name>UCSD</name>
      <start_year>2008</start_year>
      <end_year>2013</end_year>
    </institution>
    <photo>
      <photoID>22031</photoID>
      <url>http://image.just-download.com/img/data_images/2011/05/16/1305541956-link-shell-extension1.png?w=230</url>
      <rating>
        <score>1</score>
        <rater>22011</rater>
      </rating>
      <tag>
        <tag_description>bad</tag_description>
        <tagger>22011</tagger>
      </tag>
      <visibility>
	<userID>22011
	</userID>
      </visibility>
    </photo>
    <photo>
      <photoID>22032</photoID>
      <url>http://image.just-download.com/img/data_images/2011/05/16/1305541956-link-shell-extension1.png?w=231</url>
      <rating>
        <score>1</score>
        <rater>22014</rater>
      </rating>
      <tag>
        <tag_description>bad</tag_description>
        <tagger>22014</tagger>
      </tag>
      <visibility>
	<circleID>22031
	</circleID>
      </visibility>
    </photo>
    <photo>
      <photoID>22033</photoID>
      <url>http://image.just-download.com/img/data_images/2011/05/16/1305541956-link-shell-extension1.png?w=232</url>
      <rating>
        <score>1</score>
        <rater>22012</rater>
      </rating>
      <tag>
        <tag_description>bad</tag_description>
        <tagger>22012</tagger>
      </tag>
    </photo>
    <circle>
    <cid>22031</cid>
      <cname>default_22010</cname>
      <containsFriend>22011</containsFriend>
      <containsFriend>22012</containsFriend>
      <containsFriend>22013</containsFriend>
      <containsFriend>22014</containsFriend>
      <containsFriend>22009</containsFriend>
    </circle> 
    <circle> 
      <cid>22032</cid>
      <cname>collegues</cname>
      <containsFriend>22011</containsFriend>
      <containsFriend>22012</containsFriend>      
    </circle>
    <circle>
      <cid>22033</cid>
      <cname>mit</cname>
      <containsFriend>22013</containsFriend>
      <containsFriend>22014</containsFriend>
    </circle>

    <login>
      <username>username10</username>
      <password>password</password>
    </login>
    <interest>programming</interest>
    <student>
      <current_year>4</current_year>
      <major>CIS</major>
      <gpa>3.4</gpa>
      <advisor_email>Yao@email.com</advisor_email>
      <advisor_id>22011</advisor_id>
    </student>
    <professor>
      <room_no>BRB 90</room_no>
      <research>TOC</research>
      <title>Lecturer</title>
    </professor>
  </user>

  <user>
    <userID>22011</userID>
    <first_name>Yao</first_name>
    <last_name>Ming</last_name>
    <email>Yao@email.com</email>
    <birthdate>1965-01-01</birthdate>
    <gender>M</gender>
    <address>4545 Baltimore Avenue, New York, NY</address>
    <institution>
      <name>UMass</name>
      <start_year>1986</start_year>
      <end_year>1992</end_year>
    </institution>
    <photo>
      <photoID>22034</photoID>
      <url>http://image.just-download.com/img/data_images/2011/05/16/1305541956-link-shell-extension1.png?w=233</url>
      <rating>
        <score>1</score>
        <rater>22014</rater>
      </rating>
      <tag>
        <tag_description>bad</tag_description>
        <tagger>22014</tagger>
      </tag>
      <visibility>
	<userID>22014
	</userID>
      </visibility>
    </photo>
    <photo>
      <photoID>22035</photoID>
      <url>http://image.just-download.com/img/data_images/2011/05/16/1305541956-link-shell-extension1.png?w=234</url>
      <rating>
        <score>5</score>
        <rater>22010</rater>
      </rating>
      <tag>
        <tag_description>excellent</tag_description>
        <tagger>22010</tagger>
      </tag>
      <visibility>
	<circleID>22034
	</circleID>
      </visibility>
    </photo>
    <photo>
      <photoID>22036</photoID>
      <url>http://image.just-download.com/img/data_images/2011/05/16/1305541956-link-shell-extension1.png?w=235</url>
      <rating>
        <score>1</score>
        <rater>22012</rater>
      </rating>
      <tag>
        <tag_description>bad</tag_description>
        <tagger>22012</tagger>
      </tag>
    </photo>
    <circle>
    <cid>22034</cid>
      <cname>default_22011</cname>
      <containsFriend>22010</containsFriend>
      <containsFriend>22012</containsFriend>
      <containsFriend>22013</containsFriend>
      <containsFriend>22014</containsFriend>
    </circle> 
    <circle> 
      <cid>22035</cid>
      <cname>upenn</cname>
      <containsFriend>22010</containsFriend>
      <containsFriend>22012</containsFriend>
    </circle>
    <circle>
      <cid>22036</cid>
      <cname>friends</cname>
      <containsFriend>22013</containsFriend>
      <containsFriend>22014</containsFriend>
    </circle>

    <login>
      <username>username11</username>
      <password>password</password>
    </login>
    <interest>facebook</interest>
    <interest>cricket</interest>
    <interest>rugby</interest>
    <professor>
      <room_no>KLI 234</room_no>
      <research>Chemical</research>
      <title>Assistant Professor</title>
      <adviseeID>22010</adviseeID>
    </professor>
  </user>

  <user>
    <userID>22012</userID>
    <first_name>Xing</first_name>
    <last_name>Chen</last_name>
    <email>Xing@email.com</email>
    <birthdate>1975-02-06</birthdate>
    <gender>F</gender>
    <address>159 Westlakes Drive, Jersey City, NJ</address>
    <institution>
      <name>UTA</name>
      <start_year>1996</start_year>
      <end_year>2000</end_year>
    </institution>
    <institution>
      <name>UCB</name>
      <start_year>2008</start_year>
      <end_year>2011</end_year>
    </institution>
    <photo>
      <photoID>22037</photoID>
      <url>http://image.just-download.com/img/data_images/2011/05/16/1305541956-link-shell-extension1.png?w=236</url>
      <rating>
        <score>1</score>
        <rater>22014</rater>
      </rating>
      <tag>
        <tag_description>bad</tag_description>
        <tagger>22014</tagger>
      </tag>
      <visibility>
	<userID>22014
	</userID>
      </visibility>
    </photo>
    <photo>
      <photoID>22038</photoID>
      <url>http://image.just-download.com/img/data_images/2011/05/16/1305541956-link-shell-extension1.png?w=237</url>
      <rating>
        <score>1</score>
        <rater>22013</rater>
      </rating>
      <tag>
        <tag_description>bad</tag_description>
        <tagger>22013</tagger>
      </tag>
      <visibility>
	<circleID>22037
	</circleID>
      </visibility>
    </photo>
    <photo>
      <photoID>22039</photoID>
      <url>http://image.just-download.com/img/data_images/2011/05/16/1305541956-link-shell-extension1.png?w=238</url>
      <rating>
        <score>4</score>
        <rater>22010</rater>
      </rating>
      <tag>
        <tag_description>superb</tag_description>
        <tagger>22010</tagger>
      </tag>
    </photo>
    <circle>
    <cid>22037</cid>
      <cname>default_22012</cname>
      <containsFriend>22011</containsFriend>
      <containsFriend>22010</containsFriend>
      <containsFriend>22013</containsFriend>
      <containsFriend>22014</containsFriend>
    </circle> 
    <circle> 
      <cid>22038</cid>
      <cname>relations</cname>
      <containsFriend>22011</containsFriend>
      <containsFriend>22010</containsFriend>
    </circle>
    <circle>
      <cid>22039</cid>
      <cname>university</cname>
      <containsFriend>22013</containsFriend>
      <containsFriend>22014</containsFriend>
    </circle>

    <login>
      <username>username12</username>
      <password>password</password>
    </login>
    <interest>database</interest>
    <interest>facebook</interest>
    <student>
      <current_year>3</current_year>
      <major>Mechnaical</major>
      <gpa>3.9</gpa>
      <advisor_email>Ming@email.com</advisor_email>
      <advisor_id>22013</advisor_id>
    </student>
    <professor>
      <room_no>GRW 456</room_no>
      <research>Mathematics</research>
      <title>Professor</title>
    </professor>
  </user>

  <user>
    <userID>22013</userID>
    <first_name>Ming</first_name>
    <last_name>Wang</last_name>
    <email>Ming@email.com</email>
    <birthdate>1978-02-09</birthdate>
    <gender>F</gender>
    <address>334 Southpoint Drive, Reston, VA</address>
    <institution>
      <name>CMU</name>
      <start_year>1998</start_year>
      <end_year>2003</end_year>
    </institution>
    <photo>
      <photoID>22040</photoID>
      <url>http://image.just-download.com/img/data_images/2011/05/16/1305541956-link-shell-extension1.png?w=239</url>
      <rating>
        <score>1</score>
        <rater>22011</rater>
      </rating>
      <tag>
        <tag_description>bad</tag_description>
        <tagger>22011</tagger>
      </tag>
      <visibility>
	<userID>22011
	</userID>
      </visibility>
    </photo>
    <photo>
      <photoID>22041</photoID>
      <url>http://image.just-download.com/img/data_images/2011/05/16/1305541956-link-shell-extension1.png?w=240</url>
      <rating>
        <score>3</score>
        <rater>22012</rater>
      </rating>
      <tag>
        <tag_description>good</tag_description>
        <tagger>22012</tagger>
      </tag>
      <visibility>
	<circleID>22040
	</circleID>
      </visibility>
    </photo>
    <photo>
      <photoID>22042</photoID>
      <url>http://image.just-download.com/img/data_images/2011/05/16/1305541956-link-shell-extension1.png?w=241</url>
      <rating>
        <score>1</score>
        <rater>22011</rater>
      </rating>
      <tag>
        <tag_description>bad</tag_description>
        <tagger>22011</tagger>
      </tag>
    </photo>
    <circle>
    <cid>22040</cid>
      <cname>default_22013</cname>
      <containsFriend>22011</containsFriend>
      <containsFriend>22012</containsFriend>
      <containsFriend>22010</containsFriend>
      <containsFriend>22014</containsFriend>
    </circle> 
    <circle> 
      <cid>22041</cid>
      <cname>school</cname>
      <containsFriend>22011</containsFriend>
      <containsFriend>22012</containsFriend>
    </circle>
    <circle>
      <cid>22042</cid>
      <cname>neighbors</cname>
      <containsFriend>22010</containsFriend>
      <containsFriend>22014</containsFriend>
    </circle>

    <login>
      <username>username13</username>
      <password>password</password>
    </login>
    <interest>boxing</interest>
    <professor>
      <room_no>MKR 65</room_no>
      <research>Software Systems</research>
      <title>Professor</title>
      <adviseeID>22012</adviseeID>
      <adviseeID>22014</adviseeID>
    </professor>
  </user>

  <user>
    <userID>22014</userID>
    <first_name>Chao</first_name>
    <last_name>Lau</last_name>
    <email>Chao@email.com</email>
    <birthdate>1980-11-29</birthdate>
    <gender>M</gender>
    <address>1990 Woodland Avenue, Pittsburg, PA</address>
    <institution>
      <name>Columbia</name>
      <start_year>2000</start_year>
      <end_year>2004</end_year>
    </institution>
    <institution>
      <name>Vtech</name>
      <start_year>2008</start_year>
      <end_year>2012</end_year>
    </institution>
    <photo>
      <photoID>22043</photoID>
      <url>http://image.just-download.com/img/data_images/2011/05/16/1305541956-link-shell-extension1.png?w=242</url>
      <rating>
        <score>1</score>
        <rater>22015</rater>
      </rating>
      <tag>
        <tag_description>bad</tag_description>
        <tagger>22015</tagger>
      </tag>
      <visibility>
	<userID>22015
	</userID>
      </visibility>
    </photo>
    <photo>
      <photoID>22044</photoID>
      <url>http://image.just-download.com/img/data_images/2011/05/16/1305541956-link-shell-extension1.png?w=243</url>
      <rating>
        <score>2</score>
        <rater>22013</rater>
      </rating>
      <tag>
        <tag_description>not bad</tag_description>
        <tagger>22013</tagger>
      </tag>
      <visibility>
	<circleID>22043
	</circleID>
      </visibility>
    </photo>
    <photo>
      <photoID>22045</photoID>
      <url>http://image.just-download.com/img/data_images/2011/05/16/1305541956-link-shell-extension1.png?w=244</url>
      <rating>
        <score>1</score>
        <rater>22015</rater>
      </rating>
      <tag>
        <tag_description>bad</tag_description>
        <tagger>22015</tagger>
      </tag>
    </photo>
    <circle>
    <cid>22043</cid>
      <cname>default_22014</cname>
      <containsFriend>22011</containsFriend>
      <containsFriend>22012</containsFriend>
      <containsFriend>22013</containsFriend>
      <containsFriend>22010</containsFriend>
      <containsFriend>22015</containsFriend>
    </circle> 
    <circle> 
      <cid>22044</cid>
      <cname>friends</cname>
      <containsFriend>22011</containsFriend>
      <containsFriend>22012</containsFriend>
      <containsFriend>22015</containsFriend>
    </circle>
    <circle>
      <cid>22045</cid>
      <cname>collegues</cname>
      <containsFriend>22013</containsFriend>
      <containsFriend>22010</containsFriend>
    </circle>

    <login>
      <username>username14</username>
      <password>password</password>
    </login>
    <interest>poker</interest>
    <student>
      <current_year>2</current_year>
      <major>EE</major>
      <gpa>3.4</gpa>
      <advisor_email>Ming@email.com</advisor_email>
      <advisor_id>22013</advisor_id>
    </student>
    <professor>
      <room_no>FGR 123</room_no>
      <research>AI</research>
      <title>Assistant Professor</title>
    </professor>
  </user>

  <user>
    <userID>22015</userID>
    <first_name>Akshay</first_name>
    <last_name>Kumar</last_name>
    <email>Akshay@email.com</email>
    <birthdate>1970-09-23</birthdate>
    <gender>M</gender>
    <address>4356 Pointe Circle, San Francisco, CA</address>
    <institution>
      <name>UNH</name>
      <start_year>1976</start_year>
      <end_year>1980</end_year>
    </institution>
    <photo>
      <photoID>22046</photoID>
      <url>http://image.just-download.com/img/data_images/2011/05/16/1305541956-link-shell-extension1.png?w=245</url>
      <rating>
        <score>1</score>
        <rater>22016</rater>
      </rating>
      <tag>
        <tag_description>bad</tag_description>
        <tagger>22016</tagger>
      </tag>
      <visibility>
	<userID>22016
	</userID>
      </visibility>
    </photo>
    <photo>
      <photoID>22047</photoID>
      <url>http://image.just-download.com/img/data_images/2011/05/16/1305541956-link-shell-extension1.png?w=246</url>
      <rating>
        <score>1</score>
        <rater>22019</rater>
      </rating>
      <tag>
        <tag_description>bad</tag_description>
        <tagger>22019</tagger>
      </tag>
      <visibility>
	<circleID>22046
	</circleID>
      </visibility>
    </photo>
    <photo>
      <photoID>22048</photoID>
      <url>http://image.just-download.com/img/data_images/2011/05/16/1305541956-link-shell-extension1.png?w=247</url>
      <rating>
        <score>4</score>
        <rater>22016</rater>
      </rating>
      <tag>
        <tag_description>good</tag_description>
        <tagger>22016</tagger>
      </tag>
    </photo>
    <circle>
      <cid>22046</cid>
      <cname>default_22015</cname>
      <containsFriend>22016</containsFriend>
      <containsFriend>22017</containsFriend>
      <containsFriend>22018</containsFriend>
      <containsFriend>22019</containsFriend>
      <containsFriend>22014</containsFriend>
    </circle>
    <circle>
      <cid>22047</cid>
      <cname>friends</cname>
      <containsFriend>22016</containsFriend>
      <containsFriend>22017</containsFriend>
      <containsFriend>22018</containsFriend>
      <containsFriend>22014</containsFriend>
    </circle>
    <login>
      <username>username15</username>
      <password>password</password>
    </login>
    <interest>cricket</interest>
    <interest>chess</interest>
  </user>

  <user>
    <userID>22016</userID>
    <first_name>Hrithik</first_name>
    <last_name>Roshan</last_name>
    <email>Hrithik@email.com</email>
    <birthdate>1978-05-02</birthdate>
    <gender>M</gender>
    <address>43 Pine Arms Avenue, San Diego, CA</address>
    <institution>
      <name>MU</name>
      <start_year>1996</start_year>
      <end_year>2000</end_year>
    </institution>
    <photo>
      <photoID>22049</photoID>
      <url>http://image.just-download.com/img/data_images/2011/05/16/1305541956-link-shell-extension1.png?w=248</url>
      <rating>
        <score>1</score>
        <rater>22015</rater>
      </rating>
      <tag>
        <tag_description>bad</tag_description>
        <tagger>22015</tagger>
      </tag>
      <visibility>
	<userID>22015
	</userID>
      </visibility>
    </photo>
    <photo>
      <photoID>22050</photoID>
      <url>http://image.just-download.com/img/data_images/2011/05/16/1305541956-link-shell-extension1.png?w=249</url>
      <rating>
        <score>1</score>
        <rater>22019</rater>
      </rating>
      <tag>
        <tag_description>bad</tag_description>
        <tagger>22019</tagger>
      </tag>
      <visibility>
	<circleID>22048
	</circleID>
      </visibility>
    </photo>
    <photo>
      <photoID>22051</photoID>
      <url>http://image.just-download.com/img/data_images/2011/05/16/1305541956-link-shell-extension1.png?w=250</url>
      <rating>
        <score>3</score>
        <rater>22018</rater>
      </rating>
      <tag>
        <tag_description>nice</tag_description>
        <tagger>22018</tagger>
      </tag>
    </photo>
    <circle>
      <cid>22048</cid>
      <cname>default_22016</cname>
      <containsFriend>22015</containsFriend>
      <containsFriend>22017</containsFriend>
      <containsFriend>22018</containsFriend>
      <containsFriend>22019</containsFriend>
    </circle>
    <circle>
      <cid>22049</cid>
      <cname>stars</cname>
      <containsFriend>22015</containsFriend>
      <containsFriend>22017</containsFriend>
      <containsFriend>22018</containsFriend>
    </circle>
    <login>
      <username>username16</username>
      <password>password</password>
    </login>
    <interest>computer architecture</interest>
  </user>

  <user>
    <userID>22017</userID>
    <first_name>Aishwarya</first_name>
    <last_name>Rai</last_name>
    <email>Aishwarya@email.com</email>
    <birthdate>1975-11-04</birthdate>
    <gender>M</gender>
    <address>1799 Market Street, Santa Barbara, CA</address>
    <institution>
      <name>VIT</name>
      <start_year>1993</start_year>
      <end_year>1997</end_year>
    </institution>
    <photo>
      <photoID>22052</photoID>
      <url>http://image.just-download.com/img/data_images/2011/05/16/1305541956-link-shell-extension1.png?w=251</url>
      <rating>
        <score>1</score>
        <rater>22016</rater>
      </rating>
      <tag>
        <tag_description>bad</tag_description>
        <tagger>22016</tagger>
      </tag>
      <visibility>
	<userID>22016
	</userID>
      </visibility>
    </photo>
    <photo>
      <photoID>22053</photoID>
      <url>http://image.just-download.com/img/data_images/2011/05/16/1305541956-link-shell-extension1.png?w=252</url>
      <rating>
        <score>5</score>
        <rater>22019</rater>
      </rating>
      <tag>
        <tag_description>excellent</tag_description>
        <tagger>22019</tagger>
      </tag>
      <visibility>
	<circleID>22050
	</circleID>
      </visibility>
    </photo>
    <photo>
      <photoID>22054</photoID>
      <url>http://image.just-download.com/img/data_images/2011/05/16/1305541956-link-shell-extension1.png?w=253</url>
      <rating>
        <score>3</score>
        <rater>22018</rater>
      </rating>
      <tag>
        <tag_description>god</tag_description>
        <tagger>22018</tagger>
      </tag>
    </photo>
    <circle>
      <cid>22050</cid>
      <cname>default_22017</cname>
      <containsFriend>22016</containsFriend>
      <containsFriend>22015</containsFriend>
      <containsFriend>22018</containsFriend>
      <containsFriend>22019</containsFriend>
    </circle>
    <circle>
      <cid>22051</cid>
      <cname>neighbors</cname>
      <containsFriend>22016</containsFriend>
      <containsFriend>22015</containsFriend>
      <containsFriend>22018</containsFriend>
    </circle>
    <login>
      <username>username17</username>
      <password>password</password>
    </login>
    <interest>algorithms</interest>
    <interest>database</interest>
  </user>

  <user>
    <userID>22018</userID>
    <first_name>Katrina</first_name>
    <last_name>Kaif</last_name>
    <email>Katrina@email.com</email>
    <birthdate>1982-03-12</birthdate>
    <gender>F</gender>
    <address>142 Spruce Street, Los Angeles, CA</address>
    <institution>
      <name>Oxford</name>
      <start_year>2000</start_year>
      <end_year>2003</end_year>
    </institution>
    <photo>
      <photoID>22055</photoID>
      <url>http://image.just-download.com/img/data_images/2011/05/16/1305541956-link-shell-extension1.png?w=254</url>
      <rating>
        <score>1</score>
        <rater>22016</rater>
      </rating>
      <tag>
        <tag_description>bad</tag_description>
        <tagger>22016</tagger>
      </tag>
      <visibility>
	<userID>22016
	</userID>
      </visibility>
    </photo>
    <photo>
      <photoID>22056</photoID>
      <url>http://image.just-download.com/img/data_images/2011/05/16/1305541956-link-shell-extension1.png?w=255</url>
      <rating>
        <score>1</score>
        <rater>22015</rater>
      </rating>
      <tag>
        <tag_description>bad</tag_description>
        <tagger>22015</tagger>
      </tag>
      <visibility>
	<circleID>22053
	</circleID>
      </visibility>
    </photo>
    <photo>
      <photoID>22057</photoID>
      <url>http://image.just-download.com/img/data_images/2011/05/16/1305541956-link-shell-extension1.png?w=256</url>
      <rating>
        <score>4</score>
        <rater>22016</rater>
      </rating>
      <tag>
        <tag_description>good enough</tag_description>
        <tagger>22016</tagger>
      </tag>
    </photo>
    <circle>
      <cid>22052</cid>
      <cname>default_22018</cname>
      <containsFriend>22016</containsFriend>
      <containsFriend>22017</containsFriend>
      <containsFriend>22015</containsFriend>
      <containsFriend>22019</containsFriend>
    </circle>
    <circle>
      <cid>22053</cid>
      <cname>collegues</cname>
      <containsFriend>22016</containsFriend>
      <containsFriend>22017</containsFriend>
      <containsFriend>22015</containsFriend>
    </circle>
    <login>
      <username>username18</username>
      <password>password</password>
    </login>
    <interest>studying</interest>
    <interest>shopping</interest>
  </user>

  <user>
    <userID>22019</userID>
    <first_name>Salman</first_name>
    <last_name>Khan</last_name>
    <email>Salman@email.com</email>
    <birthdate>1964-03-10</birthdate>
    <gender>M</gender>
    <address>1500 Walnut Street, Seattle, WA </address>
    <institution>
      <name>IIT</name>
      <start_year>1980</start_year>
      <end_year>1986</end_year>
    </institution>
    <photo>
      <photoID>22058</photoID>
      <url>http://image.just-download.com/img/data_images/2011/05/16/1305541956-link-shell-extension1.png?w=257</url>
      <rating>
        <score>1</score>
        <rater>22017</rater>
      </rating>
      <tag>
        <tag_description>bad</tag_description>
        <tagger>22017</tagger>
      </tag>
      <visibility>
	<userID>22017
	</userID>
      </visibility>
    </photo>
    <photo>
      <photoID>22059</photoID>
      <url>http://image.just-download.com/img/data_images/2011/05/16/1305541956-link-shell-extension1.png?w=258</url>
      <rating>
        <score>1</score>
        <rater>22018</rater>
      </rating>
      <tag>
        <tag_description>bad</tag_description>
        <tagger>22018</tagger>
      </tag>
      <visibility>
	<circleID>22054
	</circleID>
      </visibility>
    </photo>
    <photo>
      <photoID>22060</photoID>
      <url>http://image.just-download.com/img/data_images/2011/05/16/1305541956-link-shell-extension1.png?w=259</url>
      <rating>
        <score>5</score>
        <rater>22016</rater>
      </rating>
      <tag>
        <tag_description>superb</tag_description>
        <tagger>22016</tagger>
      </tag>
    </photo>
    <circle>
      <cid>22054</cid>
      <cname>default_22019</cname>
      <containsFriend>22016</containsFriend>
      <containsFriend>22017</containsFriend>
      <containsFriend>22018</containsFriend>
      <containsFriend>22015</containsFriend>
    </circle>
    <circle>
      <cid>22055</cid>
      <cname>friends</cname>
      <containsFriend>22016</containsFriend>
      <containsFriend>22017</containsFriend>
      <containsFriend>22018</containsFriend>
    </circle>
    <login>
      <username>username19</username>
      <password>password</password>
    </login>
    <interest>wrestling</interest>
    <interest>fighting</interest>
    <interest>gymming</interest>
  </user>

</photodb>