
<tns:photodb xmlns:tns="http://www.example.org/pennphoto"
	xmlns:xsi="http://www.w3.org/2001/XMLSchema-instance"
	xsi:schemaLocation="http://www.example.org/pennphoto pennphoto.xsd "> 
	<tns:student>
		<tns:accountID>12001</tns:accountID>
		<tns:password>12001pennphoto</tns:password>
		<tns:fname>Gaby</tns:fname>
		<tns:lname>Moreno</tns:lname>
		<tns:email>gmoren@seas.upenn.edu</tns:email>
		<tns:birthDate>12/01/1990</tns:birthDate>
		<tns:gender>F</tns:gender>
		<tns:address>3465 Sansom St, Phildelphia, PA 19104</tns:address>
		<tns:circle>
			<tns:circleID>12501</tns:circleID>
			<tns:name>Professors</tns:name>
			<tns:friend>12002</tns:friend>
		</tns:circle> 
		<tns:circle> 
			<tns:circleID>12502</tns:circleID>
			<tns:name>DMD</tns:name>
		</tns:circle>
		<tns:circle>
			<tns:circleID>12503</tns:circleID>
			<tns:name>Wharton</tns:name>
		</tns:circle>
		<tns:photo>
			<tns:photoID>12601</tns:photoID>
			<tns:url>https://lh4.googleusercontent.com/-mEX1eO8JHSw/AAAAAAAAAAI/AAAAAAAAA94/E0LGWwHshlI/photo.jpg?sz=200</tns:url>
			<tns:rating>
				<tns:raterID>12002</tns:raterID>
				<tns:score>3</tns:score>
			</tns:rating>
			<tns:tag>
				<tns:tagID>1</tns:tagID>
				<tns:text>gaby</tns:text>
			</tns:tag>
			<tns:visibility>0</tns:visibility>
		</tns:photo>
		<tns:photo>  
			<tns:photoID>12602</tns:photoID>
			<tns:url>https://lh4.googleusercontent.com/-mEX1eO8JHSw/AAAAAAAAAAI/AAAAAAAAA94/E0LGWwHshlI/photo.jpg?sz=200</tns:url>
			<tns:rating>
				<tns:raterID>12002</tns:raterID>
				<tns:score>3</tns:score>
			</tns:rating>
			<tns:tag>
				<tns:tagID>1</tns:tagID>
				<tns:text>gaby</tns:text>
			</tns:tag>
			<tns:tag>
				<tns:tagID>2</tns:tagID>
				<tns:text>moreno</tns:text>
			</tns:tag>
			<tns:visibility>0</tns:visibility>
		</tns:photo>
		<tns:photo>
			<tns:photoID>12603</tns:photoID>
			<tns:url>https://lh4.googleusercontent.com/-mEX1eO8JHSw/AAAAAAAAAAI/AAAAAAAAA94/E0LGWwHshlI/photo.jpg?sz=200</tns:url>
			<tns:rating>
				<tns:raterID>12002</tns:raterID>
				<tns:score>3</tns:score>
			</tns:rating>
			<tns:tag>
				<tns:tagID>1</tns:tagID>
				<tns:text>gaby</tns:text>
			</tns:tag>
			<tns:visibility>0</tns:visibility>
		</tns:photo>
		<tns:interest>Art</tns:interest>
		<tns:interest>Web Technologies</tns:interest>
		<tns:interest>HCI</tns:interest>
		<tns:interest>Tea</tns:interest>
		<tns:schoolsAttended>
			<tns:schoolID>12801</tns:schoolID>
			<tns:name>University of Pennsylvania</tns:name>
		</tns:schoolsAttended>
		<tns:advisor>12002</tns:advisor>
	</tns:student>


	<tns:student>
		<tns:accountID>12003</tns:accountID>
		<tns:password>12003pennphoto</tns:password>
		<tns:fname>Cal</tns:fname>
		<tns:lname>Ca</tns:lname>
		<tns:email>calca@cis.upenn.edu</tns:email>
		<tns:birthDate>12/01/1990</tns:birthDate>
		<tns:gender>M</tns:gender>
		<tns:address>3330 Walnut St, Phildelphia, PA 19104</tns:address>
		<tns:circle>
			<tns:circleID>12505</tns:circleID>
			<tns:name>Advisees</tns:name>
			<tns:friend>12006</tns:friend>
		</tns:circle>
		<tns:photo>
			<tns:photoID>12605</tns:photoID>
			<tns:url>https://encrypted-tbn0.google.com/images?q=tbn:ANd9GcSqpdgn8xUsdPfLK-FGk3n1tRusVeRk2dnLFb12DyfrrRXRJBDB1PdqeeS0</tns:url>
			<tns:rating>
				<tns:raterID>12001</tns:raterID>
				<tns:score>3</tns:score>
			</tns:rating>
			<tns:tag>
				<tns:tagID>5</tns:tagID>
				<tns:text>cal</tns:text>
			</tns:tag>
			<tns:tag>
				<tns:tagID>6</tns:tagID>
				<tns:text>ca</tns:text>
			</tns:tag>
			<tns:visibility>0</tns:visibility>
		</tns:photo>
		<tns:interest>calIA</tns:interest>
		<tns:interest>calIB</tns:interest>
		<tns:interest>calIC</tns:interest>
		<tns:interest>calID</tns:interest>
		<tns:schoolsAttended>
			<tns:schoolID>12801</tns:schoolID>
			<tns:name>University of Pennsylvania</tns:name>
		</tns:schoolsAttended>
		<tns:advisor>12002</tns:advisor>
</tns:student>

	<tns:student>
		<tns:accountID>12004</tns:accountID>
		<tns:password>12004pennphoto</tns:password>
		<tns:fname>David</tns:fname>
		<tns:lname>Da</tns:lname>
		<tns:email>davidda@cis.upenn.edu</tns:email>
		<tns:birthDate>12/01/1990</tns:birthDate>
		<tns:gender>M</tns:gender>
		<tns:address>3330 Walnut St, Phildelphia, PA 19104</tns:address>
		<tns:circle>
			<tns:circleID>12506</tns:circleID>
			<tns:name>Advisees</tns:name>
			<tns:friend>12007</tns:friend>
		</tns:circle>
		<tns:photo>
			<tns:photoID>12606</tns:photoID>
			<tns:url>https://encrypted-tbn1.google.com/images?q=tbn:ANd9GcQTTjQmuUk5eRJq11aOvElqcvzNdVLI_-CAkxGSexFozHTouA_7</tns:url>
			<tns:rating>
				<tns:raterID>12001</tns:raterID>
				<tns:score>3</tns:score>
			</tns:rating>
			<tns:tag>
				<tns:tagID>7</tns:tagID>
				<tns:text>david</tns:text>
			</tns:tag>
			<tns:tag>
				<tns:tagID>8</tns:tagID>
				<tns:text>da</tns:text>
			</tns:tag>
			<tns:visibility>0</tns:visibility>
		</tns:photo>
		<tns:interest>davidIA</tns:interest>
		<tns:interest>davidIB</tns:interest>
		<tns:interest>davidIC</tns:interest>
		<tns:interest>davidID</tns:interest>
		<tns:schoolsAttended>
			<tns:schoolID>12801</tns:schoolID>
			<tns:name>University of Pennsylvania</tns:name>
		</tns:schoolsAttended>
		<tns:advisor>12002</tns:advisor>
</tns:student>

	<tns:student>
		<tns:accountID>12005</tns:accountID>
		<tns:password>12005pennphoto</tns:password>
		<tns:fname>Earl</tns:fname>
		<tns:lname>Ea</tns:lname>
		<tns:email>earlea@cis.upenn.edu</tns:email>
		<tns:birthDate>12/01/1990</tns:birthDate>
		<tns:gender>M</tns:gender>
		<tns:address>3330 Walnut St, Phildelphia, PA 19104</tns:address>
		<tns:circle>
			<tns:circleID>12507</tns:circleID>
			<tns:name>Advisees</tns:name>
			<tns:friend>12007</tns:friend>
		</tns:circle>
		<tns:photo>
			<tns:photoID>12607</tns:photoID>
			<tns:url>https://encrypted-tbn1.google.com/images?q=tbn:ANd9GcQTTjQmuUk5eRJq11aOvElqcvzNdVLI_-CAkxGSexFozHTouA_7</tns:url>
			<tns:rating>
				<tns:raterID>12001</tns:raterID>
				<tns:score>3</tns:score>
			</tns:rating>
			<tns:tag>
				<tns:tagID>7</tns:tagID>
				<tns:text>earl</tns:text>
			</tns:tag>
			<tns:tag>
				<tns:tagID>8</tns:tagID>
				<tns:text>ea</tns:text>
			</tns:tag>
			<tns:visibility>0</tns:visibility>
		</tns:photo>
		<tns:interest>earlIA</tns:interest>
		<tns:interest>earlIB</tns:interest>
		<tns:interest>earlIC</tns:interest>
		<tns:interest>earlID</tns:interest>
		<tns:schoolsAttended>
			<tns:schoolID>12801</tns:schoolID>
			<tns:name>University of Pennsylvania</tns:name>
		</tns:schoolsAttended>
		<tns:advisor>12002</tns:advisor>
</tns:student>

	<tns:student>
		<tns:accountID>12006</tns:accountID>
		<tns:password>12006pennphoto</tns:password>
		<tns:fname>Frank</tns:fname>
		<tns:lname>Fa</tns:lname>
		<tns:email>FrankFa@seas.upenn.edu</tns:email>
		<tns:birthDate>12/01/1990</tns:birthDate>
		<tns:gender>F</tns:gender>
		<tns:address>3465 Sansom St, Phildelphia, PA 19104</tns:address>
		<tns:circle>
			<tns:circleID>12508</tns:circleID>
			<tns:name>FrankA</tns:name>
			<tns:friend>12002</tns:friend>
		</tns:circle>
		<tns:circle>
			<tns:circleID>12550</tns:circleID>
			<tns:name>FrankB</tns:name>
		</tns:circle>
		<tns:circle>
			<tns:circleID>12551</tns:circleID>
			<tns:name>FrankC</tns:name>
		</tns:circle>
		<tns:photo>
			<tns:photoID>12608</tns:photoID>
			<tns:url>https://lh4.googleusercontent.com/-mEX1eO8JHSw/AAAAAAAAAAI/AAAAAAAAA94/E0LGWwHshlI/photo.jpg?sz=200</tns:url>
			<tns:rating>
				<tns:raterID>12002</tns:raterID>
				<tns:score>3</tns:score>
			</tns:rating>
			<tns:tag>
				<tns:tagID>1</tns:tagID>
				<tns:text>gaby</tns:text>
			</tns:tag>
			<tns:visibility>0</tns:visibility>
		</tns:photo>
		<tns:photo>
			<tns:photoID>12609</tns:photoID>
			<tns:url>https://lh4.googleusercontent.com/-mEX1eO8JHSw/AAAAAAAAAAI/AAAAAAAAA94/E0LGWwHshlI/photo.jpg?sz=200</tns:url>
			<tns:rating>
				<tns:raterID>12002</tns:raterID>
				<tns:score>3</tns:score>
			</tns:rating>
			<tns:tag>
				<tns:tagID>1</tns:tagID>
				<tns:text>gaby</tns:text>
			</tns:tag>
			<tns:tag>
				<tns:tagID>2</tns:tagID>
				<tns:text>moreno</tns:text>
			</tns:tag>
			<tns:visibility>0</tns:visibility>
		</tns:photo>
		<tns:photo>
			<tns:photoID>12610</tns:photoID>
			<tns:url>https://lh4.googleusercontent.com/-mEX1eO8JHSw/AAAAAAAAAAI/AAAAAAAAA94/E0LGWwHshlI/photo.jpg?sz=200</tns:url>
			<tns:rating>
				<tns:raterID>12002</tns:raterID>
				<tns:score>3</tns:score>
			</tns:rating>
			<tns:tag>
				<tns:tagID>1</tns:tagID>
				<tns:text>gaby</tns:text>
			</tns:tag>
			<tns:visibility>0</tns:visibility>
		</tns:photo>
		<tns:interest>Art</tns:interest>
		<tns:interest>Web Technologies</tns:interest>
		<tns:interest>HCI</tns:interest>
		<tns:interest>Tea</tns:interest>
		<tns:schoolsAttended>
			<tns:schoolID>12801</tns:schoolID>
			<tns:name>University of Pennsylvania</tns:name>
		</tns:schoolsAttended>
		<tns:advisor>12002</tns:advisor>
	</tns:student>

	<tns:student>
		<tns:accountID>12007</tns:accountID>
		<tns:password>12007pennphoto</tns:password>
		<tns:fname>Gary</tns:fname>
		<tns:lname>Ga</tns:lname>
		<tns:email>garyga@cis.upenn.edu</tns:email>
		<tns:birthDate>12/01/1990</tns:birthDate>
		<tns:gender>M</tns:gender>
		<tns:address>3330 Walnut St, Phildelphia, PA 19104</tns:address>
		<tns:circle>
			<tns:circleID>12509</tns:circleID>
			<tns:name>Advisees</tns:name>
			<tns:friend>12006</tns:friend>
		</tns:circle>
		<tns:photo>
			<tns:photoID>12611</tns:photoID>
			<tns:url>http://www.flash-slideshow-maker.com/images/help_clip_image020.jpg</tns:url>
			<tns:rating>
				<tns:raterID>12001</tns:raterID>
				<tns:score>3</tns:score>
			</tns:rating>
			<tns:tag>
				<tns:tagID>9</tns:tagID>
				<tns:text>gary</tns:text>
			</tns:tag>
			<tns:tag>
				<tns:tagID>10</tns:tagID>
				<tns:text>ga</tns:text>
			</tns:tag>
			<tns:visibility>0</tns:visibility>
		</tns:photo>
		<tns:interest>GaryIA</tns:interest>
		<tns:interest>GaryIB</tns:interest>
		<tns:interest>GaryIC</tns:interest>
		<tns:interest>GaryID</tns:interest>
		<tns:schoolsAttended>
			<tns:schoolID>12801</tns:schoolID>
			<tns:name>University of Pennsylvania</tns:name>
		</tns:schoolsAttended>
		<tns:advisor>12002</tns:advisor>
	</tns:student>

	<tns:student>
		<tns:accountID>12008</tns:accountID>
		<tns:password>12008pennphoto</tns:password>
		<tns:fname>Hank</tns:fname>
		<tns:lname>Ha</tns:lname>
		<tns:email>HankHa@cis.upenn.edu</tns:email>
		<tns:birthDate>12/01/1990</tns:birthDate>
		<tns:gender>M</tns:gender>
		<tns:address>3330 Walnut St, Phildelphia, PA 19104</tns:address>
		<tns:circle>
			<tns:circleID>12510</tns:circleID>
			<tns:name>studentca</tns:name>
			<tns:friend>12006</tns:friend>
		</tns:circle>
		<tns:photo>
			<tns:photoID>12612</tns:photoID>
			<tns:url>https://encrypted-tbn0.google.com/images?q=tbn:ANd9GcS_9PUsKr8XuCessrpgLxAreOPK0-Aveh3OBQ_tAkfbuMC8j1m0HA</tns:url>
			<tns:rating>
				<tns:raterID>12001</tns:raterID>
				<tns:score>3</tns:score>
			</tns:rating>
			<tns:tag>
				<tns:tagID>11</tns:tagID>
				<tns:text>Hank</tns:text>
			</tns:tag>
			<tns:tag>
				<tns:tagID>12</tns:tagID>
				<tns:text>ha</tns:text>
			</tns:tag>
			<tns:visibility>0</tns:visibility>
		</tns:photo>
		<tns:interest>HankIA</tns:interest>
		<tns:interest>HankIB</tns:interest>
		<tns:interest>HankIC</tns:interest>
		<tns:interest>HankID</tns:interest>
		<tns:schoolsAttended>
			<tns:schoolID>12801</tns:schoolID>
			<tns:name>University of Pennsylvania</tns:name>
		</tns:schoolsAttended>
		<tns:advisor>12002</tns:advisor>
	</tns:student>

	<tns:student>
		<tns:accountID>12009</tns:accountID>
		<tns:password>12009pennphoto</tns:password>
		<tns:fname>Ian</tns:fname>
		<tns:lname>Ia</tns:lname>
		<tns:email>iania@cis.upenn.edu</tns:email>
		<tns:birthDate>12/01/1990</tns:birthDate>
		<tns:gender>M</tns:gender>
		<tns:address>3330 Walnut St, Phildelphia, PA 19104</tns:address>
		<tns:circle>
			<tns:circleID>12511</tns:circleID>
			<tns:name>Advisees</tns:name>
			<tns:friend>12006</tns:friend>
		</tns:circle>
		<tns:photo>
			<tns:photoID>12613</tns:photoID>
			<tns:url>https://encrypted-tbn0.google.com/images?q=tbn:ANd9GcS_9PUsKr8XuCessrpgLxAreOPK0-Aveh3OBQ_tAkfbuMC8j1m0HA</tns:url>
			<tns:rating>
				<tns:raterID>12001</tns:raterID>
				<tns:score>3</tns:score>
			</tns:rating>
			<tns:tag>
				<tns:tagID>11</tns:tagID>
				<tns:text>Hank</tns:text>
			</tns:tag>
			<tns:tag>
				<tns:tagID>12</tns:tagID>
				<tns:text>ha</tns:text>
			</tns:tag>
			<tns:visibility>0</tns:visibility>
		</tns:photo>
		<tns:interest>IanIA</tns:interest>
		<tns:interest>IanIB</tns:interest>
		<tns:interest>IanIC</tns:interest>
		<tns:interest>IanID</tns:interest>
		<tns:schoolsAttended>
			<tns:schoolID>12801</tns:schoolID>
			<tns:name>University of Pennsylvania</tns:name>
		</tns:schoolsAttended>
		<tns:advisor>12002</tns:advisor>
	</tns:student>

	<tns:student>
		<tns:accountID>12010</tns:accountID>
		<tns:password>12010pennphoto</tns:password>
		<tns:fname>Jan</tns:fname>
		<tns:lname>Ja</tns:lname>
		<tns:email>janja@cis.upenn.edu</tns:email>
		<tns:birthDate>12/01/1990</tns:birthDate>
		<tns:gender>F</tns:gender>
		<tns:address>3330 Walnut St, Phildelphia, PA 19104</tns:address>
		<tns:circle>
			<tns:circleID>12512</tns:circleID>
			<tns:name>Advisees</tns:name>
			<tns:friend>12006</tns:friend>
		</tns:circle>
		<tns:photo>
			<tns:photoID>12614</tns:photoID>
			<tns:url>https://encrypted-tbn0.google.com/images?q=tbn:ANd9GcRNfZLVzOJR99MilHjPibTFOnB8jipvxtSTCeJdBYCiNX-s9NzU</tns:url>
			<tns:rating>
				<tns:raterID>12001</tns:raterID>
				<tns:score>3</tns:score>
			</tns:rating>
			<tns:tag>
				<tns:tagID>11</tns:tagID>
				<tns:text>Hank</tns:text>
			</tns:tag>
			<tns:tag>
				<tns:tagID>12</tns:tagID>
				<tns:text>ha</tns:text>
			</tns:tag>
			<tns:visibility>0</tns:visibility>
		</tns:photo>
		<tns:interest>JanIA</tns:interest>
		<tns:interest>JanIB</tns:interest>
		<tns:interest>JanIC</tns:interest>
		<tns:interest>JanID</tns:interest>
		<tns:schoolsAttended>
			<tns:schoolID>12801</tns:schoolID>
			<tns:name>University of Pennsylvania</tns:name>
		</tns:schoolsAttended>
		<tns:advisor>12002</tns:advisor>
	</tns:student>

	<tns:student>
		<tns:accountID>12011</tns:accountID>
		<tns:password>12011pennphoto</tns:password>
		<tns:fname>Kai</tns:fname>
		<tns:lname>Ka</tns:lname>
		<tns:email>kaika@cis.upenn.edu</tns:email>
		<tns:birthDate>12/01/1990</tns:birthDate>
		<tns:gender>M</tns:gender>
		<tns:address>3330 Walnut St, Phildelphia, PA 19104</tns:address>
		<tns:circle>
			<tns:circleID>12513</tns:circleID>
			<tns:name>Advisees</tns:name>
			<tns:friend>12006</tns:friend>
		</tns:circle>
		<tns:photo>
			<tns:photoID>12615</tns:photoID>
			<tns:url>https://encrypted-tbn0.google.com/images?q=tbn:ANd9GcRNfZLVzOJR99MilHjPibTFOnB8jipvxtSTCeJdBYCiNX-s9NzU</tns:url>
			<tns:rating>
				<tns:raterID>12001</tns:raterID>
				<tns:score>3</tns:score>
			</tns:rating>
			<tns:tag>
				<tns:tagID>11</tns:tagID>
				<tns:text>Hank</tns:text>
			</tns:tag>
			<tns:tag>
				<tns:tagID>12</tns:tagID>
				<tns:text>ha</tns:text>
			</tns:tag>
			<tns:visibility>0</tns:visibility>
		</tns:photo>
		<tns:interest>KaiIA</tns:interest>
		<tns:interest>KaiIB</tns:interest>
		<tns:interest>KaiIC</tns:interest>
		<tns:interest>KaiID</tns:interest>
		<tns:schoolsAttended>
			<tns:schoolID>12801</tns:schoolID>
			<tns:name>University of Pennsylvania</tns:name>
		</tns:schoolsAttended>
		<tns:advisor>12002</tns:advisor>
	</tns:student>

	<tns:student>
		<tns:accountID>12012</tns:accountID>
		<tns:password>12012pennphoto</tns:password>
		<tns:fname>Lily</tns:fname>
		<tns:lname>La</tns:lname>
		<tns:email>lilyla@cis.upenn.edu</tns:email>
		<tns:birthDate>12/01/1990</tns:birthDate>
		<tns:gender>F</tns:gender>
		<tns:address>3330 Walnut St, Phildelphia, PA 19104</tns:address>
		<tns:circle>
			<tns:circleID>12514</tns:circleID>
			<tns:name>Advisees</tns:name>
			<tns:friend>12006</tns:friend>
		</tns:circle>
		<tns:photo>
			<tns:photoID>12616</tns:photoID>
			<tns:url>https://encrypted-tbn0.google.com/images?q=tbn:ANd9GcRNfZLVzOJR99MilHjPibTFOnB8jipvxtSTCeJdBYCiNX-s9NzU</tns:url>
			<tns:rating>
				<tns:raterID>12001</tns:raterID>
				<tns:score>3</tns:score>
			</tns:rating>
			<tns:tag>
				<tns:tagID>11</tns:tagID>
				<tns:text>Hank</tns:text>
			</tns:tag>
			<tns:tag>
				<tns:tagID>12</tns:tagID>
				<tns:text>ha</tns:text>
			</tns:tag>
			<tns:visibility>0</tns:visibility>
		</tns:photo>
		<tns:interest>LilaIA</tns:interest>
		<tns:interest>LilaIB</tns:interest>
		<tns:interest>LilaIC</tns:interest>
		<tns:interest>LilaID</tns:interest>
		<tns:schoolsAttended>
			<tns:schoolID>12801</tns:schoolID>
			<tns:name>University of Pennsylvania</tns:name>
		</tns:schoolsAttended>
		<tns:advisor>12002</tns:advisor>
	</tns:student>

	<tns:student>
		<tns:accountID>12013</tns:accountID>
		<tns:password>12013pennphoto</tns:password>
		<tns:fname>Mannie</tns:fname>
		<tns:lname>Ma</tns:lname>
		<tns:email>manniema@cis.upenn.edu</tns:email>
		<tns:birthDate>12/01/1990</tns:birthDate>
		<tns:gender>M</tns:gender>
		<tns:address>3330 Walnut St, Phildelphia, PA 19104</tns:address>
		<tns:circle>
			<tns:circleID>12515</tns:circleID>
			<tns:name>Advisees</tns:name>
			<tns:friend>12006</tns:friend>
		</tns:circle>
		<tns:photo>
			<tns:photoID>12617</tns:photoID>
			<tns:url>https://encrypted-tbn0.google.com/images?q=tbn:ANd9GcRNfZLVzOJR99MilHjPibTFOnB8jipvxtSTCeJdBYCiNX-s9NzU</tns:url>
			<tns:rating>
				<tns:raterID>12001</tns:raterID>
				<tns:score>3</tns:score>
			</tns:rating>
			<tns:tag>
				<tns:tagID>11</tns:tagID>
				<tns:text>Hank</tns:text>
			</tns:tag>
			<tns:tag>
				<tns:tagID>12</tns:tagID>
				<tns:text>ha</tns:text>
			</tns:tag>
			<tns:visibility>0</tns:visibility>
		</tns:photo>
		<tns:interest>MannieIA</tns:interest>
		<tns:interest>mannieIB</tns:interest>
		<tns:interest>mannieIC</tns:interest>
		<tns:interest>mannieID</tns:interest>
		<tns:schoolsAttended>
			<tns:schoolID>12801</tns:schoolID>
			<tns:name>University of Pennsylvania</tns:name>
		</tns:schoolsAttended>
		<tns:advisor>12002</tns:advisor>
	</tns:student>
	
	<tns:student>
		<tns:accountID>12014</tns:accountID>
		<tns:password>12014pennphoto</tns:password>
		<tns:fname>Nan</tns:fname>
		<tns:lname>Na</tns:lname>
		<tns:email>nanna@cis.upenn.edu</tns:email>
		<tns:birthDate>12/01/1990</tns:birthDate>
		<tns:gender>M</tns:gender>
		<tns:address>3330 Walnut St, Phildelphia, PA 19104</tns:address>
		<tns:circle>
			<tns:circleID>12516</tns:circleID>
			<tns:name>Advisees</tns:name>
			<tns:friend>12006</tns:friend>
		</tns:circle>
		<tns:photo>
			<tns:photoID>12618</tns:photoID>
			<tns:url>https://encrypted-tbn2.google.com/images?q=tbn:ANd9GcSWMHzpLjHyLWq7MWgFftLtl4B6CC2Re-9A9qVTHI5qrZHCoYfN</tns:url>
			<tns:rating>
				<tns:raterID>12001</tns:raterID>
				<tns:score>3</tns:score>
			</tns:rating>
			<tns:tag>
				<tns:tagID>11</tns:tagID>
				<tns:text>Hank</tns:text>
			</tns:tag>
			<tns:tag>
				<tns:tagID>12</tns:tagID>
				<tns:text>ha</tns:text>
			</tns:tag>
			<tns:visibility>0</tns:visibility>
		</tns:photo>
		<tns:interest>nanIA</tns:interest>
		<tns:interest>nanIB</tns:interest>
		<tns:interest>nanIC</tns:interest>
		<tns:interest>nanID</tns:interest>
		<tns:schoolsAttended>
			<tns:schoolID>12801</tns:schoolID>
			<tns:name>University of Pennsylvania</tns:name>
		</tns:schoolsAttended>
		<tns:advisor>12002</tns:advisor>
</tns:student>

	<tns:student>
		<tns:accountID>12015</tns:accountID>
		<tns:password>12015pennphoto</tns:password>
		<tns:fname>On</tns:fname>
		<tns:lname>Oa</tns:lname>
		<tns:email>onoa@cis.upenn.edu</tns:email>
		<tns:birthDate>12/01/1990</tns:birthDate>
		<tns:gender>M</tns:gender>
		<tns:address>3330 Walnut St, Phildelphia, PA 19104</tns:address>
		<tns:circle>
			<tns:circleID>12517</tns:circleID>
			<tns:name>Advisees</tns:name>
			<tns:friend>12006</tns:friend>
		</tns:circle>
		<tns:photo>
			<tns:photoID>12619</tns:photoID>
			<tns:url>https://encrypted-tbn0.google.com/images?q=tbn:ANd9GcQVDXAUk0fq8Jj1o8djUEKk-dO35jFL0jAddc-C6JVlubJpsSu21A</tns:url>
			<tns:rating>
				<tns:raterID>12001</tns:raterID>
				<tns:score>3</tns:score>
			</tns:rating>
			<tns:tag>
				<tns:tagID>13</tns:tagID>
				<tns:text>On</tns:text>
			</tns:tag>
			<tns:tag>
				<tns:tagID>14</tns:tagID>
				<tns:text>na</tns:text>
			</tns:tag>
			<tns:visibility>0</tns:visibility>
		</tns:photo>
		<tns:interest>onIA</tns:interest>
		<tns:interest>onIB</tns:interest>
		<tns:interest>onIC</tns:interest>
		<tns:interest>onID</tns:interest>
		<tns:schoolsAttended>
			<tns:schoolID>12801</tns:schoolID>
			<tns:name>University of Pennsylvania</tns:name>
		</tns:schoolsAttended>
		<tns:advisor>12002</tns:advisor>
</tns:student>

	<tns:student>
		<tns:accountID>12016</tns:accountID>
		<tns:password>12016pennphoto</tns:password>
		<tns:fname>Pam</tns:fname>
		<tns:lname>Pa</tns:lname>
		<tns:email>pampa@cis.upenn.edu</tns:email>
		<tns:birthDate>12/01/1990</tns:birthDate>
		<tns:gender>M</tns:gender>
		<tns:address>3330 Walnut St, Phildelphia, PA 19104</tns:address>
		<tns:circle>
			<tns:circleID>12518</tns:circleID>
			<tns:name>Advisees</tns:name>
			<tns:friend>12006</tns:friend>
		</tns:circle>
		<tns:photo>
			<tns:photoID>12620</tns:photoID>
			<tns:url>https://encrypted-tbn0.google.com/images?q=tbn:ANd9GcQVDXAUk0fq8Jj1o8djUEKk-dO35jFL0jAddc-C6JVlubJpsSu21A</tns:url>
			<tns:rating>
				<tns:raterID>12001</tns:raterID>
				<tns:score>3</tns:score>
			</tns:rating>
			<tns:tag>
				<tns:tagID>15</tns:tagID>
				<tns:text>pam</tns:text>
			</tns:tag>
			<tns:tag>
				<tns:tagID>16</tns:tagID>
				<tns:text>pa</tns:text>
			</tns:tag>
			<tns:visibility>0</tns:visibility>
		</tns:photo>
		<tns:interest>pamIA</tns:interest>
		<tns:interest>pamIB</tns:interest>
		<tns:interest>pamIC</tns:interest>
		<tns:interest>pamID</tns:interest>
		<tns:schoolsAttended>
			<tns:schoolID>12801</tns:schoolID>
			<tns:name>University of Pennsylvania</tns:name>
		</tns:schoolsAttended>
		<tns:advisor>12002</tns:advisor>
</tns:student>

	<tns:student>
		<tns:accountID>12017</tns:accountID>
		<tns:password>12017pennphoto</tns:password>
		<tns:fname>rat</tns:fname>
		<tns:lname>ra</tns:lname>
		<tns:email>ratra@cis.upenn.edu</tns:email>
		<tns:birthDate>12/01/1990</tns:birthDate>
		<tns:gender>M</tns:gender>
		<tns:address>3330 Walnut St, Phildelphia, PA 19104</tns:address>
		<tns:circle>
			<tns:circleID>12519</tns:circleID>
			<tns:name>Advisees</tns:name>
			<tns:friend>12006</tns:friend>
		</tns:circle>
		<tns:photo>
			<tns:photoID>12621</tns:photoID>
			<tns:url>https://encrypted-tbn0.google.com/images?q=tbn:ANd9GcQVDXAUk0fq8Jj1o8djUEKk-dO35jFL0jAddc-C6JVlubJpsSu21A</tns:url>
			<tns:rating>
				<tns:raterID>12001</tns:raterID>
				<tns:score>3</tns:score>
			</tns:rating>
			<tns:tag>
				<tns:tagID>17</tns:tagID>
				<tns:text>rat</tns:text>
			</tns:tag>
			<tns:tag>
				<tns:tagID>18</tns:tagID>
				<tns:text>ra</tns:text>
			</tns:tag>
			<tns:visibility>0</tns:visibility>
		</tns:photo>
		<tns:interest>ratIA</tns:interest>
		<tns:interest>ratIB</tns:interest>
		<tns:interest>ratIC</tns:interest>
		<tns:interest>ratID</tns:interest>
		<tns:schoolsAttended>
			<tns:schoolID>12801</tns:schoolID>
			<tns:name>University of Pennsylvania</tns:name>
		</tns:schoolsAttended>
		<tns:advisor>12002</tns:advisor>
</tns:student>

	<tns:student>
		<tns:accountID>12018</tns:accountID>
		<tns:password>12018pennphoto</tns:password>
		<tns:fname>sam</tns:fname>
		<tns:lname>sa</tns:lname>
		<tns:email>samsa@cis.upenn.edu</tns:email>
		<tns:birthDate>12/01/1990</tns:birthDate>
		<tns:gender>M</tns:gender>
		<tns:address>3330 Walnut St, Phildelphia, PA 19104</tns:address>
		<tns:circle>
			<tns:circleID>12520</tns:circleID>
			<tns:name>Advisees</tns:name>
			<tns:friend>12006</tns:friend>
		</tns:circle>
		<tns:photo>
			<tns:photoID>12622</tns:photoID>
			<tns:url>https://encrypted-tbn0.google.com/images?q=tbn:ANd9GcQVDXAUk0fq8Jj1o8djUEKk-dO35jFL0jAddc-C6JVlubJpsSu21A</tns:url>
			<tns:rating>
				<tns:raterID>12001</tns:raterID>
				<tns:score>3</tns:score>
			</tns:rating>
			<tns:tag>
				<tns:tagID>19</tns:tagID>
				<tns:text>sam</tns:text>
			</tns:tag>
			<tns:tag>
				<tns:tagID>20</tns:tagID>
				<tns:text>sa</tns:text>
			</tns:tag>
			<tns:visibility>0</tns:visibility>
		</tns:photo>
		<tns:interest>samIA</tns:interest>
		<tns:interest>samIB</tns:interest>
		<tns:interest>samIC</tns:interest>
		<tns:interest>samID</tns:interest>
		<tns:schoolsAttended>
			<tns:schoolID>12801</tns:schoolID>
			<tns:name>University of Pennsylvania</tns:name>
		</tns:schoolsAttended>
		<tns:advisor>12002</tns:advisor>
</tns:student>

	<tns:student>
		<tns:accountID>12019</tns:accountID>
		<tns:password>12019pennphoto</tns:password>
		<tns:fname>Tony</tns:fname>
		<tns:lname>Ta</tns:lname>
		<tns:email>tonyta@cis.upenn.edu</tns:email>
		<tns:birthDate>12/01/1990</tns:birthDate>
		<tns:gender>M</tns:gender>
		<tns:address>3330 Walnut St, Phildelphia, PA 19104</tns:address>
		<tns:circle>
			<tns:circleID>12521</tns:circleID>
			<tns:name>Advisees</tns:name>
			<tns:friend>12006</tns:friend>
		</tns:circle>
		<tns:photo>
			<tns:photoID>12623</tns:photoID>
			<tns:url>https://encrypted-tbn0.google.com/images?q=tbn:ANd9GcQVDXAUk0fq8Jj1o8djUEKk-dO35jFL0jAddc-C6JVlubJpsSu21A</tns:url>
			<tns:rating>
				<tns:raterID>12001</tns:raterID>
				<tns:score>3</tns:score>
			</tns:rating>
			<tns:tag>
				<tns:tagID>21</tns:tagID>
				<tns:text>tony</tns:text>
			</tns:tag>
			<tns:tag>
				<tns:tagID>22</tns:tagID>
				<tns:text>ta</tns:text>
			</tns:tag>
			<tns:visibility>0</tns:visibility>
		</tns:photo>
		<tns:interest>tonyIA</tns:interest>
		<tns:interest>tonyIB</tns:interest>
		<tns:interest>tonyIC</tns:interest>
		<tns:interest>tonyID</tns:interest>
		<tns:schoolsAttended>
			<tns:schoolID>12801</tns:schoolID>
			<tns:name>University of Pennsylvania</tns:name>
		</tns:schoolsAttended>
		<tns:advisor>12002</tns:advisor>
</tns:student>

	<tns:student>
		<tns:accountID>12020</tns:accountID>
		<tns:password>12020pennphoto</tns:password>
		<tns:fname>Ui</tns:fname>
		<tns:lname>Ua</tns:lname>
		<tns:email>uiua@cis.upenn.edu</tns:email>
		<tns:birthDate>12/01/1990</tns:birthDate>
		<tns:gender>M</tns:gender>
		<tns:address>3330 Walnut St, Phildelphia, PA 19104</tns:address>
		<tns:circle>
			<tns:circleID>12522</tns:circleID>
			<tns:name>Advisees</tns:name>
			<tns:friend>12006</tns:friend>
		</tns:circle>
		<tns:photo>
			<tns:photoID>12624</tns:photoID>
			<tns:url>https://encrypted-tbn0.google.com/images?q=tbn:ANd9GcSqpdgn8xUsdPfLK-FGk3n1tRusVeRk2dnLFb12DyfrrRXRJBDB1PdqeeS0</tns:url>
			<tns:rating>
				<tns:raterID>12001</tns:raterID>
				<tns:score>3</tns:score>
			</tns:rating>
			<tns:tag>
				<tns:tagID>23</tns:tagID>
				<tns:text>ui</tns:text>
			</tns:tag>
			<tns:tag>
				<tns:tagID>24</tns:tagID>
				<tns:text>ua</tns:text>
			</tns:tag>
			<tns:visibility>0</tns:visibility>
		</tns:photo>
		<tns:interest>uiIA</tns:interest>
		<tns:interest>uiIB</tns:interest>
		<tns:interest>uiIC</tns:interest>
		<tns:interest>uiID</tns:interest>
		<tns:schoolsAttended>
			<tns:schoolID>12801</tns:schoolID>
			<tns:name>University of Pennsylvania</tns:name>
		</tns:schoolsAttended>
		<tns:advisor>12002</tns:advisor>
</tns:student>


	<tns:professor>
		<tns:accountID>12002</tns:accountID>
		<tns:password>12002pennphoto</tns:password>
		<tns:fname>Zach</tns:fname>
		<tns:lname>Ives</tns:lname>
		<tns:email>zives@cis.upenn.edu</tns:email>
		<tns:birthDate>12/01/1990</tns:birthDate>
		<tns:gender>M</tns:gender>
		<tns:address>3330 Walnut St, Phildelphia, PA 19104</tns:address>
		<tns:circle>
			<tns:circleID>12504</tns:circleID>
			<tns:name>Advisees</tns:name>
			<tns:friend>12004</tns:friend>
		</tns:circle>
		<tns:photo>
			<tns:photoID>12604</tns:photoID>
			<tns:url>http://www.cis.upenn.edu/~zives/photos/photo-2009.jpg</tns:url>
			<tns:rating>
				<tns:raterID>12009</tns:raterID>
				<tns:score>3</tns:score>
			</tns:rating>
			<tns:tag>
				<tns:tagID>3</tns:tagID>
				<tns:text>zach</tns:text>
			</tns:tag>
			<tns:tag>
				<tns:tagID>4</tns:tagID>
				<tns:text>ives</tns:text>
			</tns:tag>
			<tns:visibility>0</tns:visibility>
		</tns:photo>
		<tns:interest>Databases</tns:interest>
		<tns:interest>Distributed Systems</tns:interest>
		<tns:interest>Web</tns:interest>
		<tns:interest>Data Integration</tns:interest>
		<tns:schoolsAttended>
			<tns:schoolID>12801</tns:schoolID>
			<tns:name>University of Pennsylvania</tns:name>
		</tns:schoolsAttended>
		<tns:schoolsAttended>
			<tns:schoolID>12802</tns:schoolID>
			<tns:name>University of Washington</tns:name>
		</tns:schoolsAttended>
		<tns:schoolsAttended>
			<tns:schoolID>12803</tns:schoolID>
			<tns:name>Sonoma State University</tns:name>
		</tns:schoolsAttended>
		<tns:advisee>12001</tns:advisee>
		<tns:advisee>12003</tns:advisee>
		<tns:advisee>12004</tns:advisee>
		<tns:advisee>12005</tns:advisee>
		<tns:advisee>12006</tns:advisee>
		<tns:advisee>12007</tns:advisee>
		<tns:advisee>12008</tns:advisee>
		<tns:advisee>12009</tns:advisee>
		<tns:advisee>12010</tns:advisee>
		<tns:advisee>12011</tns:advisee>
		<tns:advisee>12012</tns:advisee>
		<tns:advisee>12013</tns:advisee>
		<tns:advisee>12014</tns:advisee>
		<tns:advisee>12015</tns:advisee>
		<tns:advisee>12016</tns:advisee>
		<tns:advisee>12017</tns:advisee>
		<tns:advisee>12018</tns:advisee>
		<tns:advisee>12019</tns:advisee>
		<tns:advisee>12020</tns:advisee>
	</tns:professor>


</tns:photodb>